deputado_id,event_date,old_bloc,new_bloc,n_pre,n_post,sim_old_pre,sim_old_post,delta_sim_old,conf_old_pre,conf_old_post,delta_conf,left_vocab_pre,left_vocab_post,right_vocab_pre,right_vocab_post,delta_left_vocab,delta_right_vocab,group,vocab_shift
160614,2013-10-02 15:43:00+00:00,Left,Left,56,13,0.84671277,0.8686408,-0.021928012,0.5343681501123199,0.5207361061957507,0.013632043916569136,0.0020622749471685274,0.0053290093562281034,0.007724766321654897,0.0050974902137438105,0.003266734409059576,-0.0026272761079110868,control,-0.005894010516970662
160614,2012-10-16 12:01:00+00:00,Left,Left,47,59,0.8688893,0.8467023,0.022186995,0.6097260388458183,0.5326355957123351,0.07709044313348323,0.005589057139426436,0.0020442431840866043,0.011909192710595828,0.007825812893956055,-0.003544813955339832,-0.004083379816639773,control,-0.0005385658612999411
160614,2013-10-07 13:49:00+00:00,Left,Left,59,10,0.8467023,0.87528145,-0.028579175,0.5326355957123351,0.5268685639806903,0.005767031731644834,0.0020442431840866043,0.0064154170811293225,0.007825812893956055,0.0037131326047936536,0.004371173897042719,-0.004112680289162401,control,-0.00848385418620512
160614,2013-10-08 16:44:00+00:00,Left,Left,59,10,0.8467023,0.87528145,-0.028579175,0.5326355957123351,0.5268685639806903,0.005767031731644834,0.0020442431840866043,0.0064154170811293225,0.007825812893956055,0.0037131326047936536,0.004371173897042719,-0.004112680289162401,control,-0.00848385418620512
160614,2013-10-02 15:21:00+00:00,Left,Left,56,13,0.84671277,0.8686408,-0.021928012,0.5343681501123199,0.5207361061957507,0.013632043916569136,0.0020622749471685274,0.0053290093562281034,0.007724766321654897,0.0050974902137438105,0.003266734409059576,-0.0026272761079110868,control,-0.005894010516970662
204407,2021-06-29 18:01:00+00:00,Left,Left,285,197,0.88620114,0.8750248,0.011176348,0.8208331971148554,0.8561436489823403,-0.03531045186748494,0.019444369578706752,0.02710476145385651,0.015985051203327345,0.017665149103046156,0.007660391875149757,0.0016800978997188118,control,-0.0059802939754309455
204407,2022-02-23 00:00:00+00:00,Left,Left,202,166,0.8803938,0.8741082,0.006285608,0.8466963497737704,0.8306545806720497,0.016041769101720726,0.02542749700044398,0.023813517541667835,0.01675992112461843,0.015232240405794926,-0.0016139794587761436,-0.0015276807188235042,control,8.629873995263937e-05
204407,2022-02-25 00:00:00+00:00,Left,Left,203,165,0.8804589,0.87399006,0.0064688325,0.8469489148279287,0.8302466262775293,0.016702288550399347,0.02543273133160024,0.023797296034495118,0.01667735993681243,0.015324557014314899,-0.0016354352971051228,-0.00135280292249753,control,0.0002826323746075929
204407,2022-02-23 00:00:00+00:00,Left,Left,202,166,0.8803938,0.8741082,0.006285608,0.8466963497737704,0.8306545806720497,0.016041769101720726,0.02542749700044398,0.023813517541667835,0.01675992112461843,0.015232240405794926,-0.0016139794587761436,-0.0015276807188235042,control,8.629873995263937e-05
204407,2022-02-23 00:00:00+00:00,Left,Left,202,166,0.8803938,0.8741082,0.006285608,0.8466963497737704,0.8306545806720497,0.016041769101720726,0.02542749700044398,0.023813517541667835,0.01675992112461843,0.015232240405794926,-0.0016139794587761436,-0.0015276807188235042,control,8.629873995263937e-05
139187,2009-08-25 19:00:00+00:00,Left,Left,28,31,0.8738162,0.87702394,-0.0032077432,0.741129412906285,0.7378024421125289,0.003326970793756101,0.0221165602642024,0.009848185355106094,0.0027161337242221266,0.00830396164212495,-0.012268374909096305,0.005587827917902824,control,0.01785620282699913
139187,2009-10-07 13:49:00+00:00,Left,Left,34,24,0.8787914,0.87799627,0.00079512596,0.739036283945674,0.7319765151045945,0.007059768841079506,0.016936191911993123,0.010742409062045793,0.003671786965477991,0.00869307493157672,-0.00619378284994733,0.00502128796609873,control,0.01121507081604606
139187,2009-11-03 18:33:00+00:00,Left,Left,31,23,0.8771458,0.8816444,-0.004498601,0.7321913014319105,0.730588620131081,0.0016026813008295226,0.017061512614678805,0.011209470325613004,0.003888674559119015,0.009071034711210494,-0.005852042289065801,0.005182360152091479,control,0.01103440244115728
139187,2009-10-15 12:58:00+00:00,Left,Left,34,23,0.8768898,0.8816444,-0.004754603,0.7399706103285014,0.730588620131081,0.009381990197420476,0.01643126891275051,0.011209470325613004,0.0035455562156673373,0.009071034711210494,-0.005221798587137505,0.005525478495543156,control,0.01074727708268066
139187,2009-05-13 17:47:00+00:00,Left,Left,29,31,0.8729126,0.88043696,-0.007524371,0.7707402937722514,0.7064799665481053,0.0642603272241461,0.020989830548745748,0.010065625689696654,0.004249144894577554,0.009228444586691722,-0.010924204859049094,0.004979299692114168,control,0.01590350455116326
74045,2005-07-08 00:00:00+00:00,Left,Left,31,39,0.8704872,0.86873806,0.0017491579,0.6571277845286532,0.68349095176872,-0.02636316724006682,0.007615703937392725,0.008089141251445749,0.004676029238391065,0.0049088719826247094,0.0004734373140530242,0.0002328427442336448,control,-0.0002405945698193794
74045,2004-10-29 17:49:00+00:00,Left,Left,41,36,0.86309165,0.8712581,-0.008166432,0.6869518508568375,0.6668209341460193,0.020130916710818236,0.008937174030385388,0.011419872073567377,0.00271782595666581,0.004560034734349486,0.0024826980431819894,0.0018422087776836758,control,-0.0006404892654983136
74045,2007-07-11 20:49:00+00:00,Left,Left,48,132,0.8728616,0.8503011,0.022560537,0.5800072368667218,0.6104791615937585,-0.030471924727036637,0.005413474476624322,0.01662738581995658,0.004658926145925726,0.005130526555019415,0.011213911343332258,0.0004716004090936886,control,-0.01074231093423857
74045,2005-10-10 16:00:00+00:00,Left,Left,32,36,0.86785126,0.8695684,-0.0017171502,0.6607814592108388,0.6852756965993757,-0.024494237388536955,0.008181474578646502,0.00822514863050214,0.005001840633645606,0.00489844481766187,4.367405185563833e-05,-0.00010339581598373636,control,-0.0001470698678393747
74045,2005-02-15 13:55:00+00:00,Left,Left,31,46,0.853242,0.8643759,-0.011133909,0.6405351970569328,0.6567917002957143,-0.016256503238781472,0.005194737253485399,0.010761672128898659,0.002895207704293001,0.0034654750487118848,0.00556693487541326,0.0005702673444188838,control,-0.004996667530994377
74272,2005-02-15 00:58:00+00:00,Left,Left,42,25,0.88337064,0.8817015,0.0016691089,0.7993849685409654,0.7824450556256498,0.016939912915315603,0.04600533811861386,0.03867891053108271,0.0017552310283710352,0.002323160878600023,-0.007326427587531152,0.0005679298502289877,control,0.00789435743776014
74272,2005-10-10 16:00:00+00:00,Left,Left,30,29,0.8835099,0.85717237,0.026337504,0.7558601569794576,0.7886571270580129,-0.03279697007855531,0.04456578016003981,0.042561567991866195,0.003000005168430491,0.004418535173098865,-0.002004212168173612,0.0014185300046683736,control,0.003422742172841986
74272,2005-02-02 16:06:00+00:00,Left,Left,44,24,0.88491637,0.8804984,0.004417956,0.803531431719851,0.7798659878468551,0.02366544387299585,0.0454693682646057,0.03932153955514914,0.0017384042339562854,0.0024199592485416904,-0.006147828709456564,0.0006815550145854051,control,0.006829383724041969
74272,2005-09-30 10:00:00+00:00,Left,Left,33,30,0.88249296,0.8593057,0.02318728,0.7667884975790252,0.7875770690404039,-0.02078857146137869,0.04705795223042119,0.04168048346740614,0.0028219743955428707,0.004271250667328903,-0.00537746876301505,0.0014492762717860323,control,0.0068267450348010825
74272,2005-09-22 11:01:00+00:00,Left,Left,33,30,0.88249296,0.8593057,0.02318728,0.7667884975790252,0.7875770690404039,-0.02078857146137869,0.04705795223042119,0.04168048346740614,0.0028219743955428707,0.004271250667328903,-0.00537746876301505,0.0014492762717860323,control,0.0068267450348010825
141492,2013-10-02 13:31:00+00:00,Left,Left,50,27,0.85066295,0.8660495,-0.015386581,0.7999142546788751,0.8114562184009926,-0.011541963722117465,0.03130359632096071,0.02820440520637793,0.007244104851358236,0.005130088132406275,-0.003099191114582782,-0.002114016718951961,control,0.0009851743956308208
141492,2013-10-01 17:41:00+00:00,Left,Left,50,27,0.85066295,0.8660495,-0.015386581,0.7999142546788751,0.8114562184009926,-0.011541963722117465,0.03130359632096071,0.02820440520637793,0.007244104851358236,0.005130088132406275,-0.003099191114582782,-0.002114016718951961,control,0.0009851743956308208
141492,2013-10-02 15:43:00+00:00,Left,Left,50,27,0.85066295,0.8660495,-0.015386581,0.7999142546788751,0.8114562184009926,-0.011541963722117465,0.03130359632096071,0.02820440520637793,0.007244104851358236,0.005130088132406275,-0.003099191114582782,-0.002114016718951961,control,0.0009851743956308208
141492,2013-10-07 15:44:00+00:00,Left,Left,50,27,0.85066295,0.8660495,-0.015386581,0.7999142546788751,0.8114562184009926,-0.011541963722117465,0.03130359632096071,0.02820440520637793,0.007244104851358236,0.005130088132406275,-0.003099191114582782,-0.002114016718951961,control,0.0009851743956308208
141492,2009-10-01 18:08:00+00:00,Left,Left,88,48,0.9021263,0.8994369,0.0026894212,0.8615668025834179,0.7762587580621582,0.08530804452125973,0.02636840436092487,0.02419959406880605,0.003834378286800485,0.003927707015565682,-0.0021688102921188224,9.332872876519722e-05,control,0.0022621390208840196
141413,2013-10-08 19:11:00+00:00,Left,Left,64,32,0.8200348,0.81267256,0.0073622465,0.6159140962201066,0.6778461176185522,-0.06193202139844556,0.008635897146302175,0.004795192853594493,0.01000276728891776,0.017823788894735515,-0.0038407042927076822,0.007821021605817755,control,0.011661725898525436
141413,2009-10-13 19:34:00+00:00,Left,Left,39,38,0.87852234,0.87807626,0.00044608116,0.43816674926796223,0.5395483367829449,-0.10138158751498266,0.004371555945637204,0.008683366331654008,0.011243371400910283,0.007832965180328772,0.004311810386016804,-0.003410406220581511,control,-0.007722216606598315
141413,2009-11-06 12:46:00+00:00,Left,Left,43,32,0.8786091,0.8786701,-6.097555e-05,0.4602867740135816,0.5158793616951358,-0.05559258768155423,0.007590453770193757,0.004830892840120382,0.00993566527043255,0.009067235503136751,-0.0027595609300733754,-0.0008684297672957985,control,0.001891131162777577
141413,2016-03-29 18:06:00+00:00,Left,Left,28,41,0.8369033,0.8313411,0.0055621862,0.5757076723587503,0.7544210422266203,-0.17871336986787,0.007835649769147305,0.020393449250170087,0.006052618144404389,0.0027154476559205338,0.012557799481022782,-0.003337170488483855,control,-0.015894969969506637
141413,2011-10-26 12:55:00+00:00,Left,Left,56,97,0.8485753,0.8083337,0.0402416,0.6012380471174827,0.6304975006674721,-0.029259453549989378,0.004655696656607243,0.008122798908464209,0.00849645312464365,0.008386592394412671,0.0034671022518569655,-0.00010986073023097967,control,-0.003576962982087945
141440,2013-09-30 16:30:00+00:00,Left,Left,115,101,0.8740485,0.8602129,0.013835549,0.5824194500560348,0.5764060216742324,0.00601342838180241,0.013122851671990274,0.014621843420283633,0.0036969652199577764,0.006684353520347185,0.0014989917482933594,0.0029873883003894088,control,0.0014883965520960493
141440,2013-10-08 19:11:00+00:00,Left,Left,115,98,0.87354684,0.85948706,0.014059782,0.5787094399633974,0.5792740930039065,-0.0005646530405091221,0.013101033715389709,0.014431695769884153,0.003488638924674959,0.006801762214367931,0.0013306620544944435,0.0033131232896929717,control,0.0019824612351985282
141440,2013-10-02 14:11:00+00:00,Left,Left,117,99,0.87434024,0.8595886,0.014751613,0.5787165813474037,0.580660655837326,-0.0019440744899222873,0.012898529421187022,0.014917234196450978,0.003706820588394469,0.006733057545535931,0.002018704775263957,0.0030262369571414623,control,0.0010075321818775055
141440,2014-04-24 00:00:00+00:00,Left,Left,110,70,0.8602752,0.87407976,-0.013804555,0.5873497927804868,0.5763086879554046,0.011041104825082249,0.016586320916931928,0.011031680560989571,0.005808983644970646,0.003606709425526124,-0.005554640355942357,-0.0022022742194445217,control,0.003352366136497835
141440,2011-10-26 12:07:00+00:00,Left,Left,159,154,0.878827,0.8717219,0.0071050525,0.599202748278932,0.5848175638314356,0.01438518444749648,0.013971408505760003,0.011542486304171483,0.004174866196558889,0.006828452502154692,-0.00242892220158852,0.0026535863055958024,control,0.005082508507184323
74274,2005-03-22 15:17:00+00:00,Left,Left,15,12,0.8356211,0.88538116,-0.049760044,0.5514872420523873,0.5252246442976857,0.026262597754701633,0.00507441256583511,0.0031434274164380735,0.001975222105962971,0.002314154265493159,-0.0019309851493970365,0.0003389321595301878,control,0.0022699173089272243
74274,2007-04-23 00:00:00+00:00,Left,Left,16,10,0.84529424,0.87959653,-0.034302294,0.505418267324272,0.527401665524742,-0.021983398200470017,0.002318295739348371,0.00189873417721519,0.0040880781012359955,0.002261335156071998,-0.00041956156213318087,-0.0018267429451639975,control,-0.0014071813830308167
204536,2019-08-16 16:25:00+00:00,Right,Right,38,50,0.88182116,0.8562919,0.025529265,0.41782922256269744,0.5175515583930018,-0.09972233583030438,0.009501216364450718,0.006245624348038615,0.010945978448861991,0.04012936086254879,-0.0032555920164121024,0.0291833824136868,control,0.0324389744300989
204536,2019-05-22 17:05:00+00:00,Right,Right,23,58,0.88793904,0.86120087,0.026738167,0.4338715335334581,0.4522313925166779,-0.01835985898321979,0.010706508937377257,0.007229755098394569,0.007598469038821527,0.027970033584760325,-0.003476753838982689,0.0203715645459388,control,0.023848318384921487
204536,2019-08-21 11:25:00+00:00,Right,Right,39,49,0.88156384,0.8559756,0.025588214,0.41645909081140414,0.5206772211303641,-0.10421813031895993,0.009257595432028904,0.0063730860694271585,0.010665312334788606,0.040948327410764075,-0.002884509362601746,0.03028301507597547,control,0.03316752443857721
204536,2019-08-16 16:25:00+00:00,Right,Right,38,50,0.88182116,0.8562919,0.025529265,0.41782922256269744,0.5175515583930018,-0.09972233583030438,0.009501216364450718,0.006245624348038615,0.010945978448861991,0.04012936086254879,-0.0032555920164121024,0.0291833824136868,control,0.0324389744300989
204536,2019-08-16 16:25:00+00:00,Right,Right,38,50,0.88182116,0.8562919,0.025529265,0.41782922256269744,0.5175515583930018,-0.09972233583030438,0.009501216364450718,0.006245624348038615,0.010945978448861991,0.04012936086254879,-0.0032555920164121024,0.0291833824136868,control,0.0324389744300989
178891,2016-03-09 12:23:00+00:00,Center,Center,175,85,0.85232526,0.8462801,0.0060451627,0.31260082362294733,0.30043949279513704,0.01216133082781029,0.0032628145242562276,0.00538401080858264,0.004962660679267983,0.007413494971064875,0.0021211962843264123,0.002450834291796892,control,0.0003296380074704797
178891,2016-03-17 13:20:00+00:00,Center,Center,181,77,0.8524509,0.84466237,0.007788539,0.3142518013781844,0.2871196317334745,0.027132169644709936,0.003377661710547336,0.00534538795692829,0.004847926120888984,0.008066728097811757,0.001967726246380954,0.003218801976922773,control,0.0012510757305418188
178891,2016-03-16 17:30:00+00:00,Center,Center,180,78,0.8522957,0.84512043,0.0071752667,0.3145972488196834,0.28667029365879365,0.02792695516088972,0.0033964264978281547,0.005276857342095875,0.004874859043782812,0.007963308506814171,0.0018804308442677206,0.003088449463031359,control,0.0012080186187636384
178891,2016-03-21 16:39:00+00:00,Center,Center,178,78,0.85171115,0.84602827,0.0056828856,0.31510314486547875,0.2843070149650651,0.030796129900413638,0.0034122062127193696,0.005276857342095876,0.004806929333026648,0.00829203960477604,0.0018646511293765066,0.0034851102717493917,control,0.001620459142372885
178891,2016-03-15 19:25:00+00:00,Center,Center,177,81,0.8517189,0.8466466,0.0050722957,0.3145503938643943,0.28780701208556936,0.02674338177882496,0.0032447442518193825,0.005538665552105128,0.004957483773338453,0.007668371154709943,0.0022939213002857455,0.0027108873813714903,control,0.00041696608108574484
141400,2013-10-04 11:23:00+00:00,Left,Left,49,65,0.89021754,0.8495266,0.04069096,0.5716891900760604,0.6783646217832316,-0.1066754317071712,0.006205779933991591,0.015244101828394124,0.011450388411701918,0.005968800382269592,0.009038321894402533,-0.005481588029432326,control,-0.01451990992383486
141400,2011-10-26 12:04:00+00:00,Left,Left,23,17,0.8840371,0.8893773,-0.0053402185,0.732949585802945,0.62590180917139,0.10704777663155496,0.020115697373982007,0.0269748425715489,0.004327396580612078,0.0032321350066176527,0.006859145197566894,-0.0010952615739944255,control,-0.007954406771561319
141400,2011-10-26 12:06:00+00:00,Left,Left,23,17,0.8840371,0.8893773,-0.0053402185,0.732949585802945,0.62590180917139,0.10704777663155496,0.020115697373982007,0.0269748425715489,0.004327396580612078,0.0032321350066176527,0.006859145197566894,-0.0010952615739944255,control,-0.007954406771561319
141400,2013-10-02 13:01:00+00:00,Left,Left,49,65,0.89021754,0.8495266,0.04069096,0.5716891900760604,0.6783646217832316,-0.1066754317071712,0.006205779933991591,0.015244101828394124,0.011450388411701918,0.005968800382269592,0.009038321894402533,-0.005481588029432326,control,-0.01451990992383486
141400,2011-10-26 12:00:00+00:00,Left,Left,23,17,0.8840371,0.8893773,-0.0053402185,0.732949585802945,0.62590180917139,0.10704777663155496,0.020115697373982007,0.0269748425715489,0.004327396580612078,0.0032321350066176527,0.006859145197566894,-0.0010952615739944255,control,-0.007954406771561319
74835,2005-01-27 11:23:00+00:00,Left,Left,48,26,0.87150604,0.8817371,-0.010231078,0.6072850405865654,0.5364654335574113,0.07081960702915413,0.01055278835649708,0.015060341054750744,0.007115375895181758,0.020413360879052007,0.004507552698253663,0.013297984983870248,control,0.008790432285616585
74835,2007-04-23 00:00:00+00:00,Left,Left,39,65,0.87681395,0.8933203,-0.016506374,0.5192061979028105,0.6675276314315225,-0.14832143352871197,0.014926135858843117,0.020066600056395368,0.006344029479170607,0.009165916095763402,0.0051404641975522514,0.002821886616592795,control,-0.0023185775809594564
74835,2005-02-11 13:29:00+00:00,Left,Left,44,30,0.8706335,0.8803409,-0.009707391,0.6199444604102817,0.5297004387082076,0.09024402170207413,0.010934320734052283,0.013199788206152708,0.006713277200338141,0.025557361139426193,0.002265467472100425,0.01884408393908805,control,0.016578616466987627
74835,2007-01-25 00:00:00+00:00,Left,Left,16,82,0.8757207,0.8850506,-0.009329915,0.5883177303310736,0.622679831519069,-0.03436210118799543,0.003388888888888889,0.019383786043264867,0.008329028925619835,0.007627654143544322,0.015994897154375978,-0.0007013747820755131,control,-0.01669627193645149
74835,2005-02-22 13:02:00+00:00,Left,Left,43,33,0.87282693,0.87856233,-0.0057353973,0.6126285043614819,0.550466908644544,0.06216159571693791,0.011188607262751173,0.012673208133539497,0.0068693999259274,0.02323396467220563,0.0014846008707883242,0.016364564746278232,control,0.014879963875489908
73561,2005-02-14 10:06:00+00:00,Left,Left,10,43,0.89939153,0.89803135,0.001360178,0.5757168768083256,0.5894553065937688,-0.013738429785443151,0.0015679158341149126,0.005188797644634305,0.003816205084912013,0.0074070960756762215,0.0036208818105193928,0.0035908909907642083,control,-2.9990819755184445e-05
73561,2005-03-22 15:17:00+00:00,Left,Left,14,40,0.8982841,0.89586955,0.0024145246,0.5974047620490573,0.5744082488883573,0.02299651316070006,0.0025449383219863725,0.0049653600152357895,0.0027297034658516667,0.007182057243129031,0.002420421693249417,0.004452353777277365,control,0.002031932084027948
73561,2005-09-22 00:00:00+00:00,Left,Left,27,32,0.8991168,0.8820702,0.01704663,0.5978880754637776,0.5808095113651285,0.017078564098649163,0.004596824570838617,0.003499517539817857,0.005395577633697346,0.007868416745049215,-0.0010973070310207602,0.002472839111351869,control,0.003570146142372629
73561,2005-08-30 19:09:00+00:00,Left,Left,25,34,0.8998265,0.882551,0.017275512,0.6018322383640071,0.5789140130031154,0.02291822536089172,0.004964570536505706,0.0032936635668873947,0.0057299002434198975,0.00747713017252664,-0.0016709069696183112,0.0017472299291067424,control,0.0034181368987250536
73561,2005-10-05 10:34:00+00:00,Left,Left,34,25,0.89865834,0.8779204,0.020737946,0.5799972068172891,0.6003590947767311,-0.02036188795944205,0.005657631494423307,0.0017495741550568663,0.007679354337043618,0.005454875379676804,-0.003908057339366441,-0.0022244789573668136,control,0.001683578381999627
74145,2005-02-16 12:42:00+00:00,Left,Left,17,17,0.8952966,0.89610946,-0.00081288815,0.8002134834135807,0.8187376334849364,-0.01852415007135577,0.010242035566619723,0.01856262480472163,0.007317227282610623,0.0018108863993066735,0.008320589238101906,-0.005506340883303949,control,-0.013826930121405855
74145,2005-02-18 17:18:00+00:00,Left,Left,17,17,0.8952966,0.89610946,-0.00081288815,0.8002134834135807,0.8187376334849364,-0.01852415007135577,0.010242035566619723,0.01856262480472163,0.007317227282610623,0.0018108863993066735,0.008320589238101906,-0.005506340883303949,control,-0.013826930121405855
74145,2005-02-14 10:06:00+00:00,Left,Left,17,17,0.8952966,0.89610946,-0.00081288815,0.8002134834135807,0.8187376334849364,-0.01852415007135577,0.010242035566619723,0.01856262480472163,0.007317227282610623,0.0018108863993066735,0.008320589238101906,-0.005506340883303949,control,-0.013826930121405855
74145,2007-03-12 12:36:00+00:00,Left,Left,12,25,0.85442024,0.83069015,0.0237301,0.7340140815574491,0.7282958004675545,0.0057182810898945835,0.01762110787799874,0.00881185019177915,0.008569388640726717,0.014941864325026737,-0.00880925768621959,0.00637247568430002,control,0.01518173337051961
74145,2007-08-21 18:32:00+00:00,Left,Left,13,26,0.8397137,0.85239697,-0.012683272,0.747483119730911,0.7267843842216568,0.020698735509254163,0.004643641558595764,0.02678842917519241,0.02178036356928568,0.009719051245787928,0.022144787616596648,-0.012061312323497754,control,-0.0342060999400944
160644,2013-10-08 16:30:00+00:00,Left,Left,39,26,0.86386967,0.86895806,-0.005088389,0.6250803888740566,0.6863935596890033,-0.061313170814946694,0.01115271171823276,0.01153740448667907,0.002735332614553658,0.0042537562634712206,0.00038469276844630904,0.0015184236489175626,control,0.0011337308804712535
160644,2013-10-09 09:46:00+00:00,Left,Left,39,26,0.86386967,0.86895806,-0.005088389,0.6250803888740566,0.6863935596890033,-0.061313170814946694,0.01115271171823276,0.01153740448667907,0.002735332614553658,0.0042537562634712206,0.00038469276844630904,0.0015184236489175626,control,0.0011337308804712535
160644,2013-10-01 17:58:00+00:00,Left,Left,39,28,0.86153245,0.8700648,-0.008532345,0.612030860322935,0.6768273036976739,-0.06479644337473889,0.008903498942704199,0.013846136246402494,0.004647163473752938,0.0042631997383861826,0.004942637303698295,-0.0003839637353667555,control,-0.005326601039065051
160644,2013-08-20 12:22:00+00:00,Left,Left,31,39,0.8568998,0.8721771,-0.015277326,0.6067418849311683,0.6578637862268547,-0.05112190129568639,0.008267229216643818,0.014833048421683835,0.006718091484471432,0.003651980430386892,0.006565819205040017,-0.0030661110540845405,control,-0.009631930259124557
160644,2013-10-03 16:48:00+00:00,Left,Left,40,27,0.863052,0.8681297,-0.00507766,0.6081544329646368,0.6849700273164394,-0.07681559435180263,0.008680911469136594,0.014358956107380364,0.004530984386909115,0.004421096024993079,0.0056780446382437705,-0.00010988836191603603,control,-0.0057879330001598065
73893,2006-01-30 17:51:00+00:00,Left,Left,32,11,0.8350328,0.8306891,0.004343748,0.533712899535865,0.614134696645453,-0.08042179710958797,0.024311722718411075,0.0018552875695732837,0.002967484889953244,0.0018552875695732837,-0.02245643514883779,-0.0011121973203799605,control,0.02134423782845783
73893,2005-02-14 17:24:00+00:00,Left,Left,30,33,0.82942504,0.8360238,-0.0065987706,0.5426506362726907,0.5423958762662894,0.00025476000640134444,0.007428451178451177,0.024193433038013957,0.003984304426377597,0.0034959902952669676,0.01676498185956278,-0.000488314131110629,control,-0.01725329599067341
160569,2018-04-04 17:07:00+00:00,Left,Left,60,38,0.87943596,0.86938256,0.010053396,0.7861658626950311,0.8261679186208983,-0.04000205592586725,0.026632722957006128,0.043016730655000376,0.011412735760181706,0.014734761384650274,0.016384007697994248,0.003322025624468568,control,-0.01306198207352568
160569,2016-03-17 16:39:00+00:00,Left,Left,44,51,0.86689186,0.88187945,-0.014987588,0.7510468166071469,0.8213309462913445,-0.07028412968419762,0.022528151247075988,0.03549047104925046,0.018187562715049437,0.009309221032532521,0.012962319802174473,-0.008878341682516916,control,-0.02184066148469139
160569,2016-03-10 12:31:00+00:00,Left,Left,44,51,0.86689186,0.88187945,-0.014987588,0.7510468166071469,0.8213309462913445,-0.07028412968419762,0.022528151247075988,0.03549047104925046,0.018187562715049437,0.009309221032532521,0.012962319802174473,-0.008878341682516916,control,-0.02184066148469139
73801,2019-08-16 16:25:00+00:00,Left,Left,15,61,0.8448443,0.8439151,0.0009291768,0.8413749268455251,0.8758748867253846,-0.03449995987985954,0.034056726552860066,0.046710290242527694,0.01520614598948585,0.004122228551946769,0.012653563689667628,-0.01108391743753908,control,-0.023737481127206708
133372,2007-03-12 12:36:00+00:00,Center,Center,103,71,0.8596244,0.86239606,-0.0027716756,0.23699849628014594,0.2497202376128614,-0.012721741332715475,0.0033817675243318595,0.003935868672945701,0.03100942998106252,0.03827657730475325,0.0005541011486138417,0.007267147323690729,control,0.006713046175076887
133372,2007-04-23 00:00:00+00:00,Center,Center,80,74,0.86313933,0.86607844,-0.002939105,0.2403132058110718,0.2472168519871908,-0.006903646176118994,0.002910073658121201,0.003318221225599987,0.033737024773099575,0.03752045823076829,0.00040814756747878595,0.003783433457668718,control,0.003375285890189932
204522,2021-09-28 19:32:00+00:00,Right,Right,19,15,0.89401716,0.8873506,0.006666541,0.445931384682212,0.4844172649666874,-0.038485880284475416,0.0004017677782241864,0.0002861230329041488,0.011839655853243435,0.030459232112244217,-0.0001156447453200376,0.01861957625900078,control,0.018735221004320818
204522,2021-06-29 18:01:00+00:00,Right,Right,12,22,0.89579576,0.8885015,0.0072942376,0.45828951025076964,0.46543096183877747,-0.00714145158800783,0.0,0.0005420651490828078,0.016119813300352292,0.02220019014959368,,0.0060803768492413875,control,0.0060803768492413875
74581,2005-09-29 17:46:00+00:00,Left,Left,83,94,0.8613656,0.80464727,0.05671835,0.5843413802990539,0.5969628851253632,-0.012621504826309304,0.012031646969540935,0.00738765373531985,0.006705328785776849,0.008505101761178399,-0.004643993234221085,0.0017997729754015502,control,0.006443766209622635
74581,2007-11-20 00:00:00+00:00,Left,Left,48,87,0.8673379,0.86237407,0.004963815,0.6105089524079962,0.6132775340109045,-0.002768581602908271,0.006226323074463306,0.004103800512665283,0.004417857402915594,0.008200696992630208,-0.002122522561798023,0.0037828395897146136,control,0.005905362151512637
74581,2005-02-22 13:03:00+00:00,Left,Left,77,125,0.88337827,0.806287,0.07709128,0.6275519747951593,0.5843604102320654,0.04319156456309392,0.010825679740927003,0.009973248936563742,0.009145680544392963,0.0068844033141198255,-0.0008524308043632613,-0.0022612772302731373,control,-0.001408846425909876
74581,2011-11-03 18:39:00+00:00,Left,Left,65,45,0.8694626,0.8897775,-0.020314872,0.6567028702892119,0.6163415523457627,0.040361317943449215,0.007089566396957603,0.0055606359964600095,0.013753303163982773,0.007439433223646419,-0.0015289304004975938,-0.0063138699403363545,control,-0.004784939539838761
74581,2011-11-01 16:13:00+00:00,Left,Left,65,45,0.8694626,0.8897775,-0.020314872,0.6567028702892119,0.6163415523457627,0.040361317943449215,0.007089566396957603,0.0055606359964600095,0.013753303163982773,0.007439433223646419,-0.0015289304004975938,-0.0063138699403363545,control,-0.004784939539838761
74287,2004-04-13 17:17:00+00:00,Right,Right,120,65,0.8688376,0.872009,-0.0031713843,0.13645422759569173,0.15771099601574523,-0.0212567684200535,0.019881476871579293,0.014808608489779728,0.007125043642265897,0.0066773741488682205,-0.005072868381799565,-0.0004476694933976764,control,0.004625198888401889
74287,2013-10-08 16:30:00+00:00,Right,Right,32,47,0.84570503,0.84703696,-0.0013319254,0.5872402770114566,0.6857621723333585,-0.09852189532190181,0.002416533472851459,0.002612265963724608,0.013378860068092,0.01925288922837121,0.00019573249087314866,0.005874029160279209,control,0.005678296669406061
74287,2013-10-02 15:43:00+00:00,Right,Right,32,47,0.84570503,0.84703696,-0.0013319254,0.5872402770114566,0.6857621723333585,-0.09852189532190181,0.002416533472851459,0.002612265963724608,0.013378860068092,0.01925288922837121,0.00019573249087314866,0.005874029160279209,control,0.005678296669406061
74287,2018-12-17 15:27:00+00:00,Right,Right,15,15,0.86592597,0.83682317,0.029102802,0.3969819160039672,0.5232659037833519,-0.1262839877793847,0.0008744855967078188,0.0006451612903225806,0.019887703826915504,0.0220543042802833,-0.00022932430638523819,0.002166600453367796,control,0.002395924759753034
74287,2004-02-14 11:16:00+00:00,Right,Right,125,66,0.86924404,0.8772967,-0.008052647,0.12224690166846988,0.15858479378081025,-0.03633789211234037,0.021512134467735058,0.01505806057255948,0.006521451180796074,0.006539310524436411,-0.006454073895175577,1.7859343640337817e-05,control,0.006471933238815915
204464,2022-04-01 17:49:00+00:00,Left,Left,520,28,0.8533053,0.863373,-0.010067701,0.7889697470745917,0.7882948306742835,0.0006749164003081454,0.020242078824441564,0.029314874695836577,0.02394691414864715,0.016530524050819808,0.009072795871395013,-0.007416390097827342,control,-0.016489185969222355
204464,2022-02-23 00:00:00+00:00,Left,Left,619,30,0.8553003,0.8597409,-0.0044406056,0.7973490378754989,0.7847161935296508,0.012632844345848104,0.020266416048065596,0.02974150209706652,0.022797312784951982,0.015428489114098488,0.009475086049000925,-0.007368823670853494,control,-0.01684390971985442
204464,2022-02-23 00:00:00+00:00,Left,Left,619,30,0.8553003,0.8597409,-0.0044406056,0.7973490378754989,0.7847161935296508,0.012632844345848104,0.020266416048065596,0.02974150209706652,0.022797312784951982,0.015428489114098488,0.009475086049000925,-0.007368823670853494,control,-0.01684390971985442
204464,2022-02-23 00:00:00+00:00,Left,Left,619,30,0.8553003,0.8597409,-0.0044406056,0.7973490378754989,0.7847161935296508,0.012632844345848104,0.020266416048065596,0.02974150209706652,0.022797312784951982,0.015428489114098488,0.009475086049000925,-0.007368823670853494,control,-0.01684390971985442
204464,2022-04-04 14:29:00+00:00,Left,Left,505,28,0.85293514,0.863373,-0.010437846,0.791107006299697,0.7882948306742835,0.002812175625413471,0.020488655457478473,0.029314874695836577,0.023881807276502968,0.016530524050819808,0.008826219238358104,-0.00735128322568316,control,-0.016177502464041264
74139,2007-04-23 00:00:00+00:00,Left,Left,45,49,0.8920766,0.8757197,0.016356885,0.737021151193741,0.7417868145370755,-0.004765663343334503,0.01206250367375319,0.011902500573274088,0.00530775561520257,0.004604146588137852,-0.00016000310047910304,-0.0007036090270647185,control,-0.0005436059265856155
74139,2007-04-23 00:00:00+00:00,Left,Left,45,49,0.8920766,0.8757197,0.016356885,0.737021151193741,0.7417868145370755,-0.004765663343334503,0.01206250367375319,0.011902500573274088,0.00530775561520257,0.004604146588137852,-0.00016000310047910304,-0.0007036090270647185,control,-0.0005436059265856155
74139,2005-08-30 19:09:00+00:00,Left,Left,35,76,0.88010764,0.87602496,0.0040826797,0.7315856209371511,0.7309092485497287,0.0006763723874223526,0.01237721475415439,0.011257342908860535,0.0058363210437624175,0.005546618556389986,-0.0011198718452938537,-0.00028970248737243166,control,0.0008301693579214221
74139,2005-09-22 11:01:00+00:00,Left,Left,36,75,0.8768191,0.87754905,-0.0007299781,0.7361059249630547,0.7287304843187961,0.007375440644258657,0.012033403233205656,0.01140744081431201,0.005674201014769017,0.005620573470475185,-0.0006259624188936462,-5.3627544293831896e-05,control,0.0005723348745998143
74139,2005-10-27 14:54:00+00:00,Left,Left,44,68,0.86979294,0.88271683,-0.012923896,0.7381846945893458,0.7299181906885799,0.008266503900765887,0.01145979195013931,0.010276260194416933,0.005592289931179883,0.004806226826590598,-0.0011835317557223769,-0.0007860631045892843,control,0.00039746865113309254
160659,2015-12-01 11:13:00+00:00,Left,Left,37,31,0.87587076,0.87505305,0.0008177161,0.4265158824647089,0.4342318237690146,-0.007715941304305696,0.003513641680902588,0.00618170980899434,0.007021638671649071,0.0036485952985820754,0.002668068128091752,-0.0033730433730669953,control,-0.006041111501158747
160659,2015-12-08 11:00:00+00:00,Left,Left,36,34,0.87581915,0.8720477,0.0037714243,0.4307913739687912,0.4446348734782702,-0.013843499509478996,0.0036112428387054373,0.007231292738836256,0.00721668419030599,0.0033266604192954217,0.003620049900130819,-0.003890023771010568,control,-0.007510073671141387
160659,2016-03-28 21:39:00+00:00,Left,Left,40,29,0.8735054,0.8718848,0.0016205907,0.4254993395359052,0.4396636706376395,-0.014164331101734318,0.006802381565302239,0.006652684291946374,0.005524456155980334,0.003474509491162023,-0.0001496972733558647,-0.002049946664818311,control,-0.0019002493914624463
160659,2016-03-30 20:03:00+00:00,Left,Left,41,28,0.8735051,0.8718275,0.0016776323,0.4353656605337704,0.4257224267158274,0.00964323381794302,0.006636469819807062,0.006890280159515887,0.005389713322907643,0.0035985991158463807,0.0002538103397088246,-0.0017911142070612626,control,-0.002044924546770087
160659,2015-11-18 19:20:00+00:00,Left,Left,38,27,0.87646085,0.8777051,-0.001244247,0.4245960121352438,0.43181380049258244,-0.007217788357338661,0.002563053856347943,0.0077908448460040575,0.006550817516674323,0.004591704424942061,0.005227790989656114,-0.0019591130917322617,control,-0.007186904081388376
204533,2021-09-28 19:32:00+00:00,Left,Left,27,14,0.8217521,0.8430541,-0.021302044,0.7356926311128754,0.6950400069104115,0.04065262420246396,0.010432156401655311,0.0025833815307499514,0.022419381196875438,0.02614897779523052,-0.00784877487090536,0.0037295965983550824,control,0.011578371469260442
204533,2021-06-29 18:01:00+00:00,Left,Left,28,14,0.82429653,0.8430541,-0.018757582,0.7370675211303878,0.6950400069104115,0.0420275142199763,0.01022884140491373,0.0025833815307499514,0.021618689011272747,0.02614897779523052,-0.007645459874163778,0.004530288783957774,control,0.012175748658121552
74037,2005-08-24 14:01:00+00:00,Left,Left,73,81,0.9015514,0.89476806,0.006783366,0.7785143928227218,0.7433009456113445,0.03521344721137731,0.014767820246111929,0.008576393347956023,0.004858212221384945,0.0029340997526520777,-0.006191426898155905,-0.0019241124687328671,control,0.004267314429423038
74037,2007-01-25 00:00:00+00:00,Left,Left,64,95,0.892627,0.8833091,0.009317875,0.7849503727489273,0.7665563373821797,0.018394035366747663,0.013405875512533116,0.016828874506700033,0.0029760261975435246,0.0028013475311395187,0.003422998994166917,-0.00017467866640400592,control,-0.003597677660570923
74037,2009-10-15 12:58:00+00:00,Left,Left,106,111,0.8938155,0.8859597,0.007855833,0.8115324218897151,0.7645916278966812,0.04694079399303386,0.0183420206068372,0.013775536639082807,0.0037691303353696894,0.0031586022155187126,-0.004566483967754392,-0.0006105281198509767,control,0.003955955847903415
74037,2009-05-13 17:47:00+00:00,Left,Left,56,139,0.8964724,0.88726634,0.009206057,0.8440107012997969,0.7658390687215888,0.07817163257820814,0.017375440760613897,0.014064964035632786,0.0034351817971724854,0.0036258052698205563,-0.0033104767249811113,0.00019062347264807086,control,0.003501100197629182
74037,2005-02-22 18:31:00+00:00,Left,Left,51,92,0.8919651,0.90345675,-0.011491656,0.7810857399369309,0.7639883048664994,0.017097435070431488,0.015778754784184817,0.013063602227750815,0.003809017656600341,0.00412027315187771,-0.0027151525564340015,0.0003112554952773689,control,0.0030264080517113704
160575,2013-10-01 16:13:00+00:00,Left,Left,172,116,0.87555057,0.88351256,-0.007961988,0.8634363688525306,0.8784189006303975,-0.014982531777866903,0.014820340087087493,0.013820898839507618,0.004220939493031063,0.005416321940832188,-0.0009994412475798752,0.0011953824478011252,control,0.0021948236953810004
160575,2018-12-17 15:27:00+00:00,Left,Left,75,430,0.86039865,0.8568156,0.0035830736,0.8205349838094442,0.7712289410549277,0.049306042754516555,0.015826042031952866,0.019008985188246504,0.002935408757639882,0.0077952330979578766,0.0031829431562936383,0.004859824340317995,control,0.0016768811840243564
160575,2013-10-01 17:41:00+00:00,Left,Left,172,116,0.87555057,0.88351256,-0.007961988,0.8634363688525306,0.8784189006303975,-0.014982531777866903,0.014820340087087493,0.013820898839507618,0.004220939493031063,0.005416321940832188,-0.0009994412475798752,0.0011953824478011252,control,0.0021948236953810004
160575,2013-10-04 11:23:00+00:00,Left,Left,175,113,0.8752049,0.8842592,-0.009054303,0.8634453073743199,0.878802824117304,-0.015357516742984134,0.014856717875541265,0.013738027718072664,0.004148580530293387,0.005560118098553396,-0.001118690157468601,0.0014115375682600085,control,0.0025302277257286095
74491,2007-04-23 00:00:00+00:00,Left,Left,47,56,0.89479125,0.87620944,0.018581808,0.7288013305127894,0.7515473978754474,-0.02274606736265805,0.029059889722046314,0.026906061922434086,0.003695440137430191,0.004822123608815427,-0.0021538277996122276,0.0011266834713852363,control,0.003280511270997464
74491,2005-09-29 17:46:00+00:00,Left,Left,55,48,0.8988957,0.8937807,0.0051149726,0.6312050854781469,0.720950111945252,-0.08974502646710514,0.014872330768283749,0.022537270590938675,0.004963548434465651,0.008021933271941315,0.007664939822654926,0.0030583848374756643,control,-0.004606554985179262
74491,2011-10-26 12:06:00+00:00,Left,Left,52,18,0.8982084,0.9060633,-0.0078549385,0.7387598478813457,0.7060533365311518,0.03270651135019398,0.015120696589251338,0.014963042067405964,0.0029331351339232986,0.004638651799660201,-0.00015765452184537433,0.001705516665736902,control,0.0018631711875822764
74491,2005-05-25 20:47:00+00:00,Left,Left,56,53,0.8976111,0.89388734,0.0037237406,0.6692514773177142,0.6772142107234338,-0.007962733405719624,0.018265397995062983,0.02076054938706357,0.005068599262520686,0.007039426814346015,0.0024951513920005858,0.001970827551825329,control,-0.0005243238401752568
74491,2009-08-25 19:00:00+00:00,Left,Left,32,40,0.89276063,0.90198916,-0.009228528,0.7151699657306749,0.785782459856048,-0.07061249412537307,0.02816009140063831,0.016692150143136436,0.005422851684857651,0.0015373293110262794,-0.011467941257501873,-0.0038855223738313714,control,0.007582418883670502
141531,2013-10-02 15:43:00+00:00,Center,Center,34,24,0.86721617,0.8839118,-0.016695619,0.38445832664721497,0.40333483056921215,-0.01887650392199719,0.007734905916100363,0.0023358585858585857,0.005453226473643284,0.00952283561357483,-0.005399047330241777,0.0040696091399315465,control,0.009468656470173323
141531,2016-03-18 15:05:00+00:00,Center,Center,89,22,0.8747071,0.8817213,-0.007014215,0.30924509180205045,0.42240119530040215,-0.1131561034983517,0.0051339350695207555,0.007829463823936223,0.0028248278334397354,0.005563963078374785,0.0026955287544154676,0.0027391352449350494,control,4.360649051958184e-05
141531,2016-03-18 10:07:00+00:00,Center,Center,89,22,0.8747071,0.8817213,-0.007014215,0.30924509180205045,0.42240119530040215,-0.1131561034983517,0.0051339350695207555,0.007829463823936223,0.0028248278334397354,0.005563963078374785,0.0026955287544154676,0.0027391352449350494,control,4.360649051958184e-05
204573,2021-06-29 18:01:00+00:00,Right,Right,25,15,0.84342664,0.8131298,0.030296862,0.510964080451842,0.6473244778302131,-0.13636039737837102,0.0022169705780307803,0.00762408224500905,0.023602302070472207,0.03691895403988085,0.00540711166697827,0.013316651969408646,control,0.007909540302430376
204573,2021-09-28 19:32:00+00:00,Right,Right,23,13,0.83968544,0.7996646,0.040020823,0.4828956927955011,0.709990619804958,-0.22709492700945694,0.004804365503597791,0.004560391657165851,0.016158645452562452,0.05619433463726268,-0.00024397384643193992,0.04003568918470023,control,0.04027966303113217
74264,2004-08-03 11:33:00+00:00,Left,Left,25,16,0.8521985,0.8413943,0.010804176,0.5300344140993524,0.4841759162064799,0.045858497892872496,0.006374889226794853,0.010335574693218282,0.008901166302483998,0.0008162353210176014,0.003960685466423429,-0.008084930981466397,control,-0.012045616447889824
141335,2011-10-26 12:08:00+00:00,Left,Left,20,12,0.89694864,0.86725736,0.029691279,0.7118414549176886,0.6125431611942854,0.09929829372340315,0.01864333791211619,0.0022644229433983224,0.0035508115610374444,0.0028036569418948497,-0.016378914968717868,-0.0007471546191425947,control,0.015631760349575273
141335,2017-10-31 17:23:00+00:00,Left,Left,69,26,0.87838036,0.8782193,0.00016105175,0.7499698761574523,0.73181610076561,0.018153775391842264,0.016701481644696103,0.013919115070029619,0.0018346727800179895,0.0035809809848271388,-0.002782366574666484,0.0017463082048091493,control,0.004528674779475633
141335,2019-08-16 16:25:00+00:00,Left,Left,41,18,0.89383215,0.8839061,0.009926021,0.7881830458083697,0.7274847828585407,0.06069826294982905,0.020263018214015896,0.03159920116235228,0.0027828934257121854,0.004147004147004147,0.011336182948336382,0.0013641107212919615,control,-0.00997207222704442
74699,2005-01-27 11:23:00+00:00,Left,Left,36,22,0.8447091,0.86354405,-0.018834949,0.5039515426735964,0.6638900843072536,-0.15993854163365717,0.0016238001767333295,0.0013637062915662925,0.00911008622075223,0.002033154713712917,-0.000260093885167037,-0.007076931507039313,control,-0.006816837621872276
74699,2005-10-03 13:52:00+00:00,Left,Left,24,10,0.8733514,0.86450374,0.008847654,0.6314907340778532,0.7546921790478012,-0.123201444969948,0.002048996203661705,0.008366635404359528,0.0016645043729539679,0.002936841064635655,0.006317639200697823,0.001272336691681687,control,-0.005045302509016136
74699,2005-07-05 17:10:00+00:00,Left,Left,20,18,0.88039905,0.8628243,0.017574728,0.6191205757989355,0.736194050270933,-0.11707347447199745,0.002102554463153065,0.005429756561825519,0.0017465430285974362,0.002079176039061923,0.0033272020986724543,0.00033263301046448663,control,-0.0029945690882079677
74699,2005-02-15 00:58:00+00:00,Left,Left,35,23,0.8427087,0.8648442,-0.022135496,0.5058800425830713,0.6698728139901947,-0.16399277140712343,0.0012306340279366994,0.0013044147136721058,0.009370374398488007,0.0019447566826819205,7.378068573540646e-05,-0.007425617715806087,control,-0.007499398401541494
74699,2004-05-19 09:36:00+00:00,Left,Left,51,31,0.85019267,0.86968535,-0.019492686,0.5921215976265454,0.5620109939183698,0.030110603708175532,0.005464207566057965,0.0015387920404452693,0.011576219040689853,0.006128886871108608,-0.0039254155256126955,-0.005447332169581245,control,-0.0015219166439685494
160572,2013-10-04 15:15:00+00:00,Right,Right,15,17,0.87192744,0.82917404,0.0427534,0.30750543050956736,0.39767076972555354,-0.09016533921598618,0.0015779309965356476,0.0031625508857030444,0.012126640435098146,0.00682451655610837,0.0015846198891673968,-0.005302123878989776,control,-0.006886743768157172
160572,2013-10-08 19:11:00+00:00,Right,Right,16,16,0.86518264,0.83324677,0.03193587,0.32085716095094774,0.3899543729851722,-0.06909721203422448,0.0014793103092521696,0.0033602103160594848,0.01136872540790451,0.0072510488408651435,0.0018809000068073151,-0.004117676567039367,control,-0.005998576573846682
73482,2005-02-14 21:38:00+00:00,Left,Left,58,103,0.86579144,0.8818502,-0.016058743,0.7389578482929338,0.6888490454404478,0.05010880285248598,0.007723812025781716,0.0054577641454916365,0.0042132131271347155,0.004946107800941447,-0.0022660478802900797,0.0007328946738067313,control,0.002998942554096811
73482,2019-08-16 16:25:00+00:00,Left,Left,136,139,0.872207,0.87248945,-0.0002824664,0.802654264260918,0.7592378807381934,0.04341638352272459,0.028710035377262518,0.0293016143217024,0.006276815257731617,0.007063464333743032,0.0005915789444398828,0.0007866490760114146,control,0.00019507013157153176
73482,2005-02-22 13:02:00+00:00,Left,Left,59,103,0.8653087,0.8826298,-0.01732111,0.7376695611256878,0.6917805017694092,0.04588905935627863,0.007592899957548128,0.005487007331829221,0.0041418027351493815,0.004975350987279031,-0.002105892625718907,0.0008335482521296496,control,0.0029394408778485566
178990,2019-08-16 16:25:00+00:00,Center,Center,17,91,0.8484977,0.8236496,0.024848104,0.2283210030902827,0.23286077534835228,-0.004539772258069591,0.000449034575662326,0.0013484458347583653,0.008852729310248168,0.0350978156560425,0.0008994112590960392,0.026245086345794335,control,0.025345675086698296
74419,2007-01-25 00:00:00+00:00,Left,Left,61,95,0.8745083,0.8743222,0.0001861453,0.5073773612993324,0.5218311458178354,-0.014453784518502988,0.005382284619424157,0.006903368590127853,0.017174770585688476,0.015222708602188259,0.0015210839707036957,-0.0019520619835002168,control,-0.0034731459542039125
74419,2005-02-02 16:02:00+00:00,Left,Left,108,121,0.87625074,0.8832562,-0.007005453,0.4509947590543903,0.5335157558336461,-0.08252099677925578,0.0066553624188460895,0.010298968008487501,0.009380770888858735,0.009224509138997854,0.0036436055896414115,-0.00015626174986088127,control,-0.0037998673395022928
74419,2019-04-05 00:00:00+00:00,Left,Left,30,78,0.8724537,0.87134445,0.0011092424,0.559658150129031,0.5687921101614791,-0.009133960032448152,0.006175801735067894,0.01089414092078001,0.013198495429068315,0.0068547064311656495,0.004718339185712116,-0.006343788997902665,control,-0.01106212818361478
74419,2009-10-14 13:16:00+00:00,Left,Left,86,53,0.86891705,0.8798806,-0.010963559,0.5355958994988572,0.6159381710551052,-0.08034227155624796,0.007691695624346419,0.0074277849379448604,0.012474037174712975,0.005931213766298746,-0.00026391068640155887,-0.006542823408414229,control,-0.00627891272201267
73553,2013-10-02 17:04:00+00:00,Right,Right,31,34,0.85600054,0.84690607,0.009094477,0.33517553511550335,0.3085030390384307,0.02667249607707267,0.004782191371119752,0.0035847873140451856,0.004053245331126803,0.004587523620524407,-0.0011974040570745664,0.000534278289397604,control,0.0017316823464721704
73553,2007-04-23 00:00:00+00:00,Right,Right,65,46,0.8863907,0.86445403,0.021936655,0.30538170926742525,0.2195483606090919,0.08583334865833334,0.00280268504804084,0.006223255637466486,0.008427469626066943,0.004854858488707022,0.0034205705894256463,-0.003572611137359921,control,-0.006993181726785567
73553,2015-10-05 16:24:00+00:00,Right,Right,39,11,0.821738,0.82964873,-0.007910728,0.30268486601545147,0.255715637644119,0.046969228371332494,0.0009840305892937472,0.004925276324530936,0.0038094461493883257,0.014132166575908612,0.003941245735237189,0.010322720426520287,control,0.006381474691283097
73553,2007-03-05 00:00:00+00:00,Right,Right,69,50,0.8824101,0.87629974,0.00611037,0.2887431660999492,0.2335583711039431,0.05518479499600612,0.0020603348630402426,0.004317104087746674,0.008321046058025479,0.004904472924440936,0.0022567692247064315,-0.0034165731335845427,control,-0.005673342358290975
73553,2005-02-02 16:06:00+00:00,Right,Right,85,151,0.8678607,0.86447465,0.0033860207,0.3032189340143786,0.2982294735060056,0.0049894605083730115,0.004759951470251023,0.0021158024778056565,0.013956077047622516,0.011878018261019899,-0.0026441489924453666,-0.002078058786602617,control,0.0005660902058427495
178837,2017-10-31 17:23:00+00:00,Left,Left,100,51,0.8696611,0.8805321,-0.010870993,0.685225064031994,0.6358484948416155,0.04937656919037847,0.00937676015613955,0.011026715964488707,0.011803246290516349,0.0068647398752953795,0.0016499558083491565,-0.004938506415220969,control,-0.006588462223570126
178837,2016-03-17 13:12:00+00:00,Left,Left,23,58,0.8814076,0.8728825,0.008525133,0.715667784785788,0.6390188550149926,0.0766489297707954,0.008680269497634606,0.00942006193805102,0.008571943766246284,0.007843683026595365,0.0007397924404164129,-0.0007282607396509183,control,-0.0014680531800673313
178837,2016-03-21 19:11:00+00:00,Left,Left,23,62,0.8814076,0.8718775,0.009530127,0.715667784785788,0.6374805121805129,0.07818727260527503,0.008680269497634606,0.010053010795645743,0.008571943766246284,0.007445887499008134,0.0013727412980111368,-0.0011260562672381494,control,-0.0024987975652492863
178837,2016-03-10 12:31:00+00:00,Left,Left,24,55,0.88192874,0.8722767,0.009652019,0.7270024834213501,0.6462111932427024,0.08079129017864772,0.011706125477238587,0.009759058323483174,0.008214779442652689,0.006872918883990078,-0.0019470671537554132,-0.0013418605586626112,control,0.0006052065950928019
178837,2016-03-18 10:07:00+00:00,Left,Left,23,58,0.8814076,0.8728825,0.008525133,0.715667784785788,0.6390188550149926,0.0766489297707954,0.008680269497634606,0.00942006193805102,0.008571943766246284,0.007843683026595365,0.0007397924404164129,-0.0007282607396509183,control,-0.0014680531800673313
74584,2004-10-06 14:50:00+00:00,Right,Right,10,14,0.8419153,0.78196895,0.05994636,0.21426828770265968,0.3209540095205597,-0.10668572181790001,0.004538894636618536,0.00020466639377814163,0.007387249807063537,0.005574920839560004,-0.004334228242840394,-0.0018123289675035332,control,0.002521899275336861
74044,2019-05-22 17:05:00+00:00,Right,Right,11,25,0.83112675,0.8635565,-0.032429755,0.377530118626068,0.2784957500123511,0.0990343686137169,0.0025774663932558667,0.0003587501607303588,0.009257745813809885,0.0032129726784658674,-0.002218716232525508,-0.006044773135344018,control,-0.00382605690281851
141399,2009-05-13 17:47:00+00:00,Left,Left,18,79,0.85531193,0.8302964,0.025015533,0.8125659516585519,0.8227137708029454,-0.010147819144393444,0.024309347878727558,0.01392661824134118,0.012911222248904815,0.01048800222376229,-0.010382729637386378,-0.0024232200251425254,control,0.007959509612243853
141399,2009-10-13 19:34:00+00:00,Left,Left,61,43,0.8252066,0.8522713,-0.02706474,0.810845991790141,0.8172574568308163,-0.006411465040675246,0.015394752432204844,0.01403569056655916,0.010113512366100886,0.011413343202316842,-0.0013590618656456836,0.001299830836215956,control,0.0026588927018616395
141399,2009-11-03 18:37:00+00:00,Left,Left,62,42,0.82622516,0.851412,-0.025186837,0.8100079359975998,0.8186472407398219,-0.008639304742222076,0.0153297344310989,0.014099310904723985,0.00995039119890571,0.01168508946903867,-0.0012304235263749155,0.0017346982701329592,control,0.0029651217965078747
141399,2009-11-03 18:28:00+00:00,Left,Left,62,42,0.82622516,0.851412,-0.025186837,0.8100079359975998,0.8186472407398219,-0.008639304742222076,0.0153297344310989,0.014099310904723985,0.00995039119890571,0.01168508946903867,-0.0012304235263749155,0.0017346982701329592,control,0.0029651217965078747
141399,2009-10-15 12:58:00+00:00,Left,Left,62,42,0.82622516,0.851412,-0.025186837,0.8100079359975998,0.8186472407398219,-0.008639304742222076,0.0153297344310989,0.014099310904723985,0.00995039119890571,0.01168508946903867,-0.0012304235263749155,0.0017346982701329592,control,0.0029651217965078747
204352,2021-09-28 19:32:00+00:00,Center,Center,125,59,0.87425363,0.8855382,-0.01128459,0.1459397182848831,0.13911274246451744,0.006826975820365677,0.02131642432665437,0.02231958433161531,0.017639114833563393,0.01998084039990879,0.0010031600049609408,0.002341725566345397,control,0.0013385655613844562
204352,2021-06-29 18:01:00+00:00,Center,Center,101,97,0.88599515,0.87081,0.015185177,0.1435495902833604,0.14795196804547628,-0.004402377762115883,0.018512881362254208,0.024013326515727452,0.007243412135741936,0.028031131548866717,0.005500445153473244,0.02078771941312478,control,0.015287274259651536
73572,2004-02-14 11:16:00+00:00,Left,Left,123,33,0.89404887,0.89358526,0.00046360493,0.637092492297748,0.6368895670394624,0.00020292525828558006,0.01564381552406471,0.027210216342357155,0.005818265862226691,0.0022401228747347267,0.011566400818292445,-0.003578142987491964,control,-0.01514454380578441
73572,2005-02-22 13:02:00+00:00,Left,Left,29,79,0.8905142,0.8960888,-0.005574584,0.6338734313980424,0.6132712062057375,0.020602225192304924,0.02876210802760862,0.01786897319737898,0.0025098758082236954,0.004435936110927549,-0.010893134830229637,0.0019260603027038536,control,0.01281919513293349
73572,2005-04-28 00:00:00+00:00,Left,Left,47,61,0.8946338,0.89392877,0.00070506334,0.6201536729629961,0.620695920272468,-0.0005422473094719438,0.025285228369211644,0.015898601165803414,0.003369549233184887,0.005204828997499467,-0.00938662720340823,0.0018352797643145795,control,0.011221906967722808
73572,2005-02-02 16:02:00+00:00,Left,Left,34,76,0.8938454,0.8972186,-0.0033732057,0.636945744790303,0.6116501302110126,0.025295614579290415,0.02821063614981484,0.017719944526926257,0.002174236907830764,0.004540675778689324,-0.010490691622888581,0.00236643887085856,control,0.012857130493747142
73572,2005-02-14 22:13:00+00:00,Left,Left,29,79,0.8905142,0.8960888,-0.005574584,0.6338734313980424,0.6132712062057375,0.020602225192304924,0.02876210802760862,0.01786897319737898,0.0025098758082236954,0.004435936110927549,-0.010893134830229637,0.0019260603027038536,control,0.01281919513293349
141536,2009-11-03 18:28:00+00:00,Center,Center,111,84,0.8839493,0.8757607,0.008188605,0.3992520481021026,0.4227963388222232,-0.023544290720120653,0.0036417120726667486,0.004813166688893276,0.007278792222638739,0.007423062406718394,0.0011714546162265279,0.00014427018407965446,control,-0.0010271844321468734
141536,2015-11-18 12:48:00+00:00,Center,Center,103,62,0.887583,0.8884967,-0.0009136796,0.4196193590317066,0.4741457170075401,-0.054526357975833495,0.0052682001833408215,0.005736596650496871,0.009128312627687972,0.017496571698900322,0.00046839646715604935,0.00836825907121235,control,0.0078998626040563
141536,2016-03-18 15:05:00+00:00,Center,Center,104,60,0.8892504,0.886424,0.0028263927,0.4278696485992993,0.4577150736805421,-0.02984542508124277,0.004534126330054765,0.007074828731371921,0.008647941219141753,0.015920190745350185,0.0025407024013171563,0.0072722495262084325,control,0.004731547124891276
171619,2019-08-16 16:25:00+00:00,Left,Left,14,15,0.8736941,0.8953205,-0.021626353,0.7308388014755002,0.6718362525855013,0.059002548889998896,0.016148727128147963,0.015192416174267354,0.015804254518344805,0.006536179000446867,-0.0009563109538806083,-0.009268075517897937,control,-0.008311764564017329
73937,2005-10-06 12:22:00+00:00,Left,Left,18,16,0.89512223,0.8998254,-0.004703164,0.6682969256413891,0.5654201614077519,0.10287676423363723,0.017317275748532854,0.017773794374391624,0.017921296886857226,0.014562862862955477,0.00045651862585877057,-0.003358434023901749,control,-0.0038149526497605196
73937,2013-10-08 17:07:00+00:00,Left,Left,15,26,0.85793704,0.87431675,-0.016379714,0.5386075620156561,0.730979107278745,-0.19237154526308897,0.01441888798342941,0.015333210059158211,0.043867269500048614,0.025401140782016725,0.0009143220757288004,-0.01846612871803189,control,-0.01938045079376069
73937,2005-02-15 00:58:00+00:00,Left,Left,18,23,0.89179504,0.8983826,-0.006587565,0.6831673955582898,0.6414125056164848,0.041754889941804985,0.025268145443929902,0.011703805067051992,0.020494872618040057,0.019520158391669064,-0.01356434037687791,-0.0009747142263709929,control,0.012589626150506917
178828,2016-03-29 18:06:00+00:00,Center,Center,67,54,0.8134761,0.8557613,-0.042285204,0.28069219275921975,0.3252407276648914,-0.04454853490567168,0.002079256699029008,0.0018442047511693061,0.00825963058688087,0.007847751948391522,-0.00023505194785970198,-0.00041187863848934914,control,-0.00017682669062964716
178828,2016-03-15 19:25:00+00:00,Center,Center,69,55,0.8112146,0.85699123,-0.045776606,0.28414329440354813,0.3221225409460314,-0.03797924654248325,0.0023295473951234053,0.00233015427517402,0.009262457029497162,0.007964805809070117,6.068800506146312e-07,-0.001297651220427045,control,-0.0012982581004776597
178828,2016-03-16 13:07:00+00:00,Center,Center,69,55,0.8112146,0.85699123,-0.045776606,0.28414329440354813,0.3221225409460314,-0.03797924654248325,0.0023295473951234053,0.00233015427517402,0.009262457029497162,0.007964805809070117,6.068800506146312e-07,-0.001297651220427045,control,-0.0012982581004776597
178828,2016-04-04 17:39:00+00:00,Center,Center,63,54,0.81670946,0.8557613,-0.03905183,0.2821942038728139,0.3252407276648914,-0.04304652379207752,0.0022112729973800564,0.0018442047511693061,0.008028193677809058,0.007847751948391522,-0.00036706824621075026,-0.00018044172941753672,control,0.00018662651679321354
178828,2016-03-01 18:33:00+00:00,Center,Center,69,59,0.80616033,0.8561569,-0.049996555,0.2780969595328685,0.3235170120337082,-0.04542005250083969,0.0023295473951234053,0.002172177714145273,0.00945830505143214,0.007424818974556889,-0.00015736968097813248,-0.002033486076875251,control,-0.0018761163958971186
160603,2013-10-04 15:15:00+00:00,Left,Left,686,556,0.8517916,0.8546837,-0.002892077,0.6421787580653678,0.6671717493536704,-0.02499299128830257,0.011044977611327667,0.013983627526148235,0.010632324345536534,0.007854854658014818,0.002938649914820568,-0.002777469687521716,control,-0.005716119602342284
160603,2013-10-01 16:13:00+00:00,Left,Left,672,570,0.8523688,0.85393226,-0.0015634894,0.639290702284519,0.6699627521724322,-0.030672049887913166,0.01079571682581619,0.014205315506948629,0.010581229285801998,0.007983311597956766,0.0034095986811324384,-0.002597917687845232,control,-0.0060075163689776705
160603,2013-10-07 13:49:00+00:00,Left,Left,686,556,0.8517916,0.8546837,-0.002892077,0.6421787580653678,0.6671717493536704,-0.02499299128830257,0.011044977611327667,0.013983627526148235,0.010632324345536534,0.007854854658014818,0.002938649914820568,-0.002777469687521716,control,-0.005716119602342284
160603,2013-10-02 11:12:00+00:00,Left,Left,678,564,0.8518223,0.85460573,-0.0027834177,0.6400592157555334,0.6693651992752331,-0.029305983519699708,0.010829394137561087,0.014201103405395004,0.010624792530785982,0.00790330559400958,0.003371709267833917,-0.0027214869367764016,control,-0.006093196204610319
160603,2013-10-01 16:18:00+00:00,Left,Left,672,570,0.8523688,0.85393226,-0.0015634894,0.639290702284519,0.6699627521724322,-0.030672049887913166,0.01079571682581619,0.014205315506948629,0.010581229285801998,0.007983311597956766,0.0034095986811324384,-0.002597917687845232,control,-0.0060075163689776705
141419,2011-11-09 00:00:00+00:00,Left,Left,25,13,0.8723273,0.8406356,0.03169173,0.6923242178148773,0.7851208442872935,-0.09279662647241615,0.012061000556262025,0.00940666881687886,0.0020665706897685927,0.00048303345006641714,-0.002654331739383165,-0.0015835372397021755,control,0.0010707944996809896
74158,2007-01-15 11:06:00+00:00,Left,Left,24,27,0.8556288,0.84501046,0.010618329,0.42848778381247876,0.46328069195293886,-0.0347929081404601,0.0016114346218362556,0.006109943500137795,0.0026234403329710647,0.01072164377033257,0.00449850887830154,0.008098203437361505,control,0.0035996945590599646
74158,2005-09-28 20:00:00+00:00,Left,Left,30,22,0.8823308,0.8634399,0.018890858,0.35394240971763613,0.3531711386567721,0.0007712710608640538,0.000912617845772925,0.001446003160961855,0.005808919004827168,0.010405419284511663,0.0005333853151889299,0.004596500279684495,control,0.0040631149644955655
74544,2005-02-18 17:18:00+00:00,Center,Center,18,11,0.898528,0.88490635,0.013621628,0.3793719928469679,0.5814731938665231,-0.2021012010195552,0.002379775105460612,0.0005078720162519046,0.007008507879571633,0.018919871045660293,-0.0018719030892087071,0.01191136316608866,control,0.013783266255297367
74544,2005-01-27 11:23:00+00:00,Center,Center,20,11,0.89659166,0.88490635,0.011685312,0.3667554426560827,0.5814731938665231,-0.2147177512104404,0.002621311208448783,0.0005078720162519046,0.007284659470678706,0.018919871045660293,-0.002113439192196878,0.011635211574981586,control,0.013748650767178464
178856,2016-03-17 13:12:00+00:00,Center,Center,28,27,0.8651801,0.8631436,0.0020364523,0.422331614757506,0.30431253164053707,0.11801908311696896,0.011548565596434223,0.028006891136292667,0.006671191688103977,0.005895808314748098,0.016458325539858445,-0.0007753833733558793,control,-0.017233708913214324
178856,2017-11-08 10:06:00+00:00,Center,Center,36,14,0.83686423,0.8555665,-0.018702269,0.3805873245358938,0.20646473848703137,0.1741225860488624,0.012239203721134361,0.027029954842013617,0.012627905263401414,0.010683631239355737,0.014790751120879256,-0.0019442740240456762,control,-0.016735025144924934
178856,2017-10-31 17:23:00+00:00,Center,Center,36,14,0.83686423,0.8555665,-0.018702269,0.3805873245358938,0.20646473848703137,0.1741225860488624,0.012239203721134361,0.027029954842013617,0.012627905263401414,0.010683631239355737,0.014790751120879256,-0.0019442740240456762,control,-0.016735025144924934
178856,2016-03-22 17:08:00+00:00,Center,Center,29,26,0.86591804,0.86224216,0.003675878,0.4101087196662435,0.3134065652762926,0.09670215438995089,0.013288804847452665,0.026698867569382036,0.006441150595410737,0.00612257017300764,0.01341006272192937,-0.0003185804224030966,control,-0.013728643144332468
178856,2016-03-22 12:23:00+00:00,Center,Center,28,27,0.8651801,0.8631436,0.0020364523,0.422331614757506,0.30431253164053707,0.11801908311696896,0.011548565596434223,0.028006891136292667,0.006671191688103977,0.005895808314748098,0.016458325539858445,-0.0007753833733558793,control,-0.017233708913214324
74017,2005-10-27 14:54:00+00:00,Center,Center,63,47,0.9075648,0.9117117,-0.004146874,0.4366764627865756,0.45363387625837537,-0.016957413471799743,0.0021056756503415233,0.007313467856224273,0.011773264983892624,0.012246439077746899,0.005207792205882749,0.00047317409385427486,control,-0.0047346181120284745
74017,2011-10-26 12:05:00+00:00,Center,Center,26,196,0.8562834,0.86736834,-0.011084914,0.3365994042530428,0.3198566427611887,0.016742761491854108,0.0012740835618415354,0.002042072778264491,0.036690971424341974,0.022530121215132513,0.0007679892164229555,-0.014160850209209461,control,-0.014928839425632418
74017,2011-10-26 12:04:00+00:00,Center,Center,26,196,0.8562834,0.86736834,-0.011084914,0.3365994042530428,0.3198566427611887,0.016742761491854108,0.0012740835618415354,0.002042072778264491,0.036690971424341974,0.022530121215132513,0.0007679892164229555,-0.014160850209209461,control,-0.014928839425632418
74166,2005-02-02 16:00:00+00:00,Left,Left,50,47,0.8630075,0.85867894,0.004328549,0.7281770108865985,0.7411773480118213,-0.01300033712522286,0.01579706500861637,0.021028704890919115,0.00563274312652065,0.008706633491182302,0.0052316398823027445,0.0030738903646616517,control,-0.002157749517641093
74700,2005-02-22 13:02:00+00:00,Right,Right,24,19,0.8501897,0.8798488,-0.029659092,0.26358123896095437,0.25749712270721825,0.006084116253736116,0.0037798979659444776,0.0026982990101553587,0.007907922750634568,0.002823848715088867,-0.0010815989557891189,-0.005084074035545701,control,-0.004002475079756582
74700,2004-05-19 09:36:00+00:00,Right,Right,32,19,0.8269064,0.8782997,-0.05139333,0.24591223661668607,0.21991555701105767,0.025996679605628403,0.0028389141064368573,0.004424900808243023,0.0038470983027667186,0.00944759231349264,0.0015859867018061654,0.005600494010725921,control,0.004014507308919756
74700,2005-11-23 11:36:00+00:00,Right,Right,18,28,0.8889477,0.80067414,0.088273585,0.2247842572697573,0.31910272384222205,-0.09431846657246476,0.000858366895682058,0.0039034418598885147,0.0059181720975667465,0.019662437343358395,0.003045074964206457,0.01374426524579165,control,0.010699190281585193
160568,2013-10-02 16:55:00+00:00,Left,Left,15,25,0.89752465,0.863912,0.03361267,0.5962914063129002,0.6083991364608025,-0.01210773014790223,0.008477982437364489,0.006659810503429454,0.028318280421826592,0.007551193528398391,-0.0018181719339350347,-0.0207670868934282,control,-0.018948914959493166
160568,2013-08-20 12:22:00+00:00,Left,Left,14,26,0.89573586,0.86616796,0.029567897,0.581795065367584,0.6157391765795149,-0.03394411121193097,0.00908355261146195,0.006403663945605245,0.030341014737671347,0.007260763008075375,-0.0026798886658567058,-0.02308025172959597,control,-0.020400363063739265
160568,2013-10-04 11:23:00+00:00,Left,Left,15,25,0.89752465,0.863912,0.03361267,0.5962914063129002,0.6083991364608025,-0.01210773014790223,0.008477982437364489,0.006659810503429454,0.028318280421826592,0.007551193528398391,-0.0018181719339350347,-0.0207670868934282,control,-0.018948914959493166
160568,2013-10-08 19:52:00+00:00,Left,Left,15,25,0.89752465,0.863912,0.03361267,0.5962914063129002,0.6083991364608025,-0.01210773014790223,0.008477982437364489,0.006659810503429454,0.028318280421826592,0.007551193528398391,-0.0018181719339350347,-0.0207670868934282,control,-0.018948914959493166
160568,2013-10-02 17:08:00+00:00,Left,Left,15,25,0.89752465,0.863912,0.03361267,0.5962914063129002,0.6083991364608025,-0.01210773014790223,0.008477982437364489,0.006659810503429454,0.028318280421826592,0.007551193528398391,-0.0018181719339350347,-0.0207670868934282,control,-0.018948914959493166
160535,2016-03-21 18:37:00+00:00,Left,Left,127,112,0.8587992,0.85772145,0.0010777712,0.6684556121672807,0.7419172292323477,-0.07346161706506704,0.029682189666076542,0.03410588819804936,0.0035379448681459222,0.002571078807078101,0.00442369853197282,-0.0009668660610678212,control,-0.005390564593040641
160535,2005-10-05 10:34:00+00:00,Left,Left,59,57,0.8545473,0.8806934,-0.026146054,0.3869379517988534,0.45866508479578666,-0.07172713299693328,0.004069174584988475,0.001943771936835128,0.005763621783564369,0.007026099971424832,-0.002125402648153347,0.0012624781878604633,control,0.0033878808360138105
160535,2018-03-09 11:55:00+00:00,Left,Left,146,105,0.8518054,0.85411304,-0.0023076534,0.7619530048274316,0.6457017149316391,0.11625128989579248,0.02659742851997726,0.03629068696888054,0.003935429740305649,0.0038885081166840207,0.009693258448903282,-4.692162362162841e-05,control,-0.00974018007252491
160535,2005-08-10 12:09:00+00:00,Left,Left,50,67,0.85066897,0.88072497,-0.030056,0.37467153332219644,0.44662873129603536,-0.07195719797383893,0.0029404318278130194,0.00306707542963532,0.0059242729219802425,0.006643529279961102,0.00012664360182230083,0.0007192563579808591,control,0.0005926127561585583
160535,2009-05-13 17:47:00+00:00,Left,Left,37,50,0.8717054,0.84570193,0.02600348,0.4997669862126221,0.3055457968555111,0.19422118935711102,0.006350405714342954,0.001955341119814355,0.0038824324409429257,0.004943136451353509,-0.004395064594528599,0.0010607040104105834,control,0.005455768604939182
74057,2013-10-02 15:45:00+00:00,Left,Left,114,64,0.8642586,0.86669296,-0.002434373,0.7830478941397434,0.7548890161311048,0.028158878008638588,0.03181677783386677,0.02819362082109115,0.004639482875501451,0.006005934231296368,-0.0036231570127756227,0.0013664513557949164,control,0.004989608368570539
74057,2019-04-05 00:00:00+00:00,Left,Left,153,180,0.86077315,0.86025906,0.00051409006,0.8172309606098975,0.8128024241822593,0.0044285364276381856,0.028310226362458033,0.02768292544799276,0.007744039446601223,0.008119941732121834,-0.0006273009144652716,0.00037590228552061063,control,0.0010032031999858823
74057,2021-06-29 18:01:00+00:00,Left,Left,347,286,0.887822,0.8679729,0.019849062,0.8159792083616205,0.8200017089727089,-0.004022500611088331,0.02237358741867723,0.03343851706107252,0.006356759851095739,0.008586486385782218,0.011064929642395294,0.0022297265346864787,control,-0.008835203107708816
74057,2013-10-01 16:13:00+00:00,Left,Left,114,64,0.8642586,0.86669296,-0.002434373,0.7830478941397434,0.7548890161311048,0.028158878008638588,0.03181677783386677,0.02819362082109115,0.004639482875501451,0.006005934231296368,-0.0036231570127756227,0.0013664513557949164,control,0.004989608368570539
74057,2007-04-23 00:00:00+00:00,Left,Left,22,39,0.8846592,0.8878587,-0.0031995177,0.8122638063887636,0.7223416846908676,0.08992212169789604,0.022921705565282172,0.023014186820540298,0.0008393330429361454,0.003657764599393746,9.248125525812556e-05,0.0028184315564576006,control,0.002725950301199475
74065,2013-10-02 15:43:00+00:00,Center,Center,13,10,0.8643868,0.8957893,-0.03140253,0.4047525381809364,0.3667151032519972,0.03803743492893924,0.000591715976331361,0.0170110955431391,0.008179603202227638,0.012184208980174038,0.016419379566807737,0.0040046057779464,control,-0.012414773788861338
62926,2005-03-09 00:00:00+00:00,Right,Right,12,16,0.8885377,0.8766695,0.011868179,0.3604495469430404,0.2817164385531348,0.0787331083899056,0.00491225814019656,0.005595280811799392,0.02131697793026105,0.02904305841088316,0.0006830226716028317,0.007726080480622111,control,0.00704305780901928
62926,2005-02-14 10:06:00+00:00,Right,Right,12,17,0.88940406,0.8751286,0.014275432,0.3390517791721324,0.3114192720424309,0.0276325071297015,0.0015068853448525095,0.007999236207629656,0.019400416458445664,0.02965215937665646,0.006492350862777147,0.010251742918210797,control,0.00375939205543365
62926,2005-05-25 12:59:00+00:00,Right,Right,13,17,0.8822591,0.8707806,0.011478484,0.40065576537891595,0.22469842769896714,0.1759573376799488,0.0054525131053525695,0.007482606171585308,0.025846288003718645,0.020897194539093413,0.0020300930662327382,-0.004949093464625232,control,-0.0069791865308579705
73904,2005-02-15 00:00:00+00:00,Center,Center,12,40,0.8808039,0.87382334,0.0069805384,0.605798248123924,0.4429362640853457,0.16286198403857832,0.0,0.008109717315591822,0.005404040404040404,0.004305985120430329,,-0.0010980552836100752,control,-0.0010980552836100752
73904,2007-01-25 00:00:00+00:00,Center,Center,20,38,0.8324558,0.82198215,0.010473669,0.48169367123593865,0.40615477940310907,0.07553889183282958,0.003965129358830146,0.009848313514605859,0.0029694583631591507,0.008961194558349893,0.005883184155775713,0.005991736195190742,control,0.00010855203941502901
73904,2004-10-29 17:49:00+00:00,Center,Center,13,27,0.8694312,0.8853716,-0.015940428,0.5904435204151057,0.45921608236396316,0.13122743805114256,0.0,0.005782326210782268,0.002497614242580686,0.00520228790842173,,0.002704673665841044,control,0.002704673665841044
141464,2013-10-01 17:41:00+00:00,Left,Left,130,91,0.8703024,0.87228477,-0.0019823909,0.6087907931300394,0.6069379383932292,0.0018528547368101833,0.008034820729767366,0.009553043107743296,0.009642671085435633,0.0046976139038611454,0.0015182223779759297,-0.004945057181574487,control,-0.006463279559550417
141464,2013-10-08 19:11:00+00:00,Left,Left,131,88,0.8703905,0.87143457,-0.0010440946,0.6022852977725647,0.6114836775104994,-0.009198379737934692,0.007921201372528738,0.009878715031870907,0.009564487985023962,0.00478673710512914,0.0019575136593421687,-0.004777750879894822,control,-0.0067352645392369905
141464,2014-04-24 00:00:00+00:00,Left,Left,140,57,0.8676588,0.87071455,-0.0030557513,0.5973157984418382,0.5540579630086507,0.04325783543318751,0.008940796522551166,0.007787122480130136,0.005444129472281975,0.008377996017705815,-0.0011536740424210306,0.00293386654542384,control,0.004087540587844871
141464,2013-08-06 17:27:00+00:00,Left,Left,99,122,0.87488663,0.8669313,0.007955313,0.6247593124767511,0.5941290517217251,0.03063026075502595,0.009235140971328715,0.008362822267912037,0.009461358065547413,0.006686755977847328,-0.0008723187034166777,-0.0027746020877000843,control,-0.0019022833842834066
141464,2018-12-11 10:29:00+00:00,Left,Left,34,30,0.8626354,0.85146385,0.01117152,0.6925831195624649,0.6142647853738082,0.07831833418865664,0.01884348864754353,0.00828944834118746,0.004202021212305794,0.006091071451837751,-0.010554040306356071,0.0018890502395319574,control,0.01244309054588803
167493,2016-03-18 10:07:00+00:00,Left,Left,93,119,0.8394689,0.88096416,-0.041495264,0.6391693622295442,0.6725986732701867,-0.033429311040642506,0.007317890638518621,0.005503104979598005,0.010555438189936978,0.005926960257053195,-0.0018147856589206162,-0.004628477932883783,control,-0.002813692273963167
167493,2016-03-22 17:08:00+00:00,Left,Left,91,120,0.83823586,0.88127804,-0.043042183,0.63780165493364,0.6690407063637303,-0.031239051430090203,0.007397921848414959,0.005566178233308327,0.010264139604891115,0.005932035152514571,-0.0018317436151066317,-0.004332104452376544,control,-0.0025003608372699123
167493,2016-03-16 17:30:00+00:00,Left,Left,90,122,0.8434421,0.87701267,-0.033570588,0.6327583080348868,0.6765061072406559,-0.0437477992057691,0.0074295451941941105,0.005465362741614136,0.010907286129601543,0.005781215332699428,-0.0019641824525799744,-0.005126070796902115,control,-0.003161888344322141
167493,2016-02-23 16:59:00+00:00,Left,Left,83,128,0.8385868,0.88039154,-0.04180473,0.6267027915204951,0.6787564859695286,-0.052053694449033516,0.007375518596135803,0.005838504781736453,0.011322988530074544,0.005865712067024368,-0.0015370138143993503,-0.005457276463050176,control,-0.003920262648650826
167493,2016-03-22 12:23:00+00:00,Left,Left,91,120,0.83823586,0.88127804,-0.043042183,0.63780165493364,0.6690407063637303,-0.031239051430090203,0.007397921848414959,0.005566178233308327,0.010264139604891115,0.005932035152514571,-0.0018317436151066317,-0.004332104452376544,control,-0.0025003608372699123
178859,2016-03-10 12:31:00+00:00,Left,Left,106,134,0.86969364,0.84907955,0.020614088,0.7009423135742585,0.706921090040802,-0.005978776466543434,0.02331201438746797,0.023825486071104313,0.008311356088339626,0.004325098352026105,0.0005134716836363434,-0.0039862577363135214,control,-0.004499729419949865
178859,2016-03-22 17:08:00+00:00,Left,Left,117,122,0.8694583,0.84704745,0.02241087,0.7004946971910285,0.7073295585631109,-0.006834861372082335,0.0235015842599464,0.02381696694141411,0.008480728024234597,0.003838702833606971,0.0003153826814677081,-0.004642025190627626,control,-0.004957407872095334
178859,2016-03-18 15:05:00+00:00,Left,Left,113,126,0.87040913,0.84690624,0.023502886,0.701695639058449,0.7060355436701993,-0.004339904611750267,0.023801691087603504,0.023537811367992486,0.008610746987652023,0.0038694644042128546,-0.0002638797196110182,-0.004741282583439169,control,-0.004477402863828151
178859,2016-03-28 21:39:00+00:00,Left,Left,126,111,0.8652045,0.8488894,0.016315103,0.7022191325473821,0.7027358772574297,-0.0005167447100475897,0.023667857754884867,0.023878881318229184,0.008473506351388481,0.0034533718333866216,0.0002110235633443168,-0.005020134518001859,control,-0.005231158081346176
178859,2016-03-30 20:03:00+00:00,Left,Left,132,105,0.8650921,0.8480985,0.016993582,0.6967035217066205,0.7096993162978182,-0.012995794591197707,0.02365494285922632,0.02390717567639104,0.0084734723569053,0.0031665497397082307,0.0002522328171647194,-0.005306922617197069,control,-0.005559155434361788
160567,2015-10-01 10:53:00+00:00,Center,Center,13,39,0.8649092,0.81554884,0.049360335,0.23285332231795255,0.27457640781150455,-0.041723085493552,0.021262096294619167,0.0007184107184107183,0.0008674239232837261,0.0064842503182794275,-0.020543685576208448,0.005616826394995701,control,0.02616051197120415
73718,2004-04-13 17:17:00+00:00,Left,Left,27,10,0.8667115,0.869915,-0.0032035112,0.5864626136843158,0.4775134309490124,0.10894918273530346,0.0023169089801323016,0.003625982844520812,0.007240742911974818,0.005805223124284159,0.0013090738643885104,-0.001435519787690659,control,-0.0027445936520791693
160545,2019-08-16 16:25:00+00:00,Right,Right,15,39,0.8381643,0.82643384,0.011730492,0.5030284116468595,0.551029263790399,-0.04800085214353944,0.006050420168067227,0.006476442355936713,0.03608697430207728,0.07183175007933058,0.0004260221878694863,0.0357447757772533,control,0.035318753589383814
160545,2013-10-02 14:11:00+00:00,Right,Right,22,12,0.84384245,0.8097834,0.034059048,0.39265681758867765,0.23344013233591143,0.15921668525276622,0.0013774104683195593,0.007132757662980357,0.03387104006667733,0.051888707939874434,0.005755347194660798,0.018017667873197106,control,0.012262320678536307
178964,2022-04-05 12:29:00+00:00,Center,Center,34,28,0.8978731,0.89942795,-0.0015548468,0.14091000902101733,0.13363003286728817,0.007279976153729162,0.008328392265977667,0.012237201162547296,0.014959006298015038,0.009319763858735782,0.003908808896569629,-0.005639242439279256,control,-0.009548051335848885
178964,2022-04-06 10:35:00+00:00,Center,Center,36,26,0.8970209,0.9007275,-0.003706634,0.14248657351106922,0.1308870992538525,0.011599474257216719,0.008099130510771626,0.012855318123337938,0.014127950392569758,0.010036668770946226,0.004756187612566312,-0.004091281621623533,control,-0.008847469234189845
178964,2019-08-16 16:25:00+00:00,Center,Center,44,43,0.8904224,0.88662696,0.003795445,0.19053250545916126,0.1601836900131265,0.030348815446034766,0.012453433949246202,0.009769258339018323,0.01147831042416802,0.009239902144874084,-0.002684175610227879,-0.002238408279293936,control,0.00044576733093394313
178964,2019-08-16 16:25:00+00:00,Center,Center,44,43,0.8904224,0.88662696,0.003795445,0.19053250545916126,0.1601836900131265,0.030348815446034766,0.012453433949246202,0.009769258339018323,0.01147831042416802,0.009239902144874084,-0.002684175610227879,-0.002238408279293936,control,0.00044576733093394313
178964,2019-05-22 17:05:00+00:00,Center,Center,43,52,0.88991654,0.88575464,0.0041618943,0.17566110282793995,0.17788244671224984,-0.00222134388430989,0.008617874547734739,0.014026037473300387,0.013357595559295858,0.007283114032523533,0.005408162925565648,-0.006074481526772325,control,-0.011482644452337973
141398,2018-04-13 14:30:00+00:00,Left,Left,66,70,0.8458587,0.8468624,-0.0010036826,0.693687520264024,0.677494364994651,0.01619315526937304,0.005441896850737912,0.011912451930402107,0.0035421945138559667,0.004316973931657757,0.006470555079664195,0.0007747794178017903,control,-0.0056957756618624044
141398,2014-04-24 00:00:00+00:00,Left,Left,31,11,0.8732125,0.8760899,-0.0028773546,0.6926291579671731,0.6981851066044193,-0.0055559486372462885,0.008754346810693427,0.013526319326794416,0.002870462218545619,0.0013175230566534915,0.004771972516100989,-0.0015529391618921275,control,-0.006324911677993117
141398,2013-10-08 16:44:00+00:00,Left,Left,31,18,0.8858718,0.86164033,0.024231493,0.6566718137863303,0.6716628319143676,-0.01499101812803727,0.008255408160450346,0.013154068459275282,0.004257422063767867,0.0014949350621325762,0.004898660298824936,-0.002762487001635291,control,-0.007661147300460227
141398,2011-10-26 12:00:00+00:00,Left,Left,29,17,0.86210483,0.8797058,-0.017600954,0.6842652575952475,0.7131884112815909,-0.02892315368634346,0.00525151069023164,0.0056124278390388745,0.002725631741374217,0.0033321124041277455,0.0003609171488072344,0.0006064806627535287,control,0.00024556351394629423
178970,2022-04-01 14:59:00+00:00,Left,Left,122,71,0.9096276,0.9053069,0.0043207407,0.9582469685700735,0.9209316584617362,0.03731531010833733,0.06058976613784543,0.04122034857944315,0.016943929983552306,0.014730254030866327,-0.019369417558402283,-0.0022136759526859787,control,0.017155741605716306
178970,2022-03-15 13:34:00+00:00,Left,Left,124,71,0.9095098,0.9053069,0.0042029023,0.9588647966814295,0.9209316584617362,0.03793313821969335,0.06146704077842911,0.04122034857944315,0.016670640790269208,0.014730254030866327,-0.020246692198985963,-0.0019403867594028814,control,0.01830630543958308
178970,2022-04-05 13:09:00+00:00,Left,Left,120,71,0.909477,0.9053069,0.0041701198,0.9578320646190861,0.9209316584617362,0.03690040615734991,0.060893693494334676,0.04122034857944315,0.01722632881661151,0.014730254030866327,-0.019673344914891526,-0.0024960747857451834,control,0.01717727012914634
178970,2022-02-23 00:00:00+00:00,Left,Left,125,78,0.9104989,0.90535736,0.0051415563,0.9580372534946899,0.9247527724463552,0.0332844810483347,0.06163352966596759,0.04131859989680038,0.016499154312782226,0.01429357588939522,-0.02031492976916721,-0.0022055784233870057,control,0.018109351345780206
178970,2022-02-23 00:00:00+00:00,Left,Left,125,78,0.9104989,0.90535736,0.0051415563,0.9580372534946899,0.9247527724463552,0.0332844810483347,0.06163352966596759,0.04131859989680038,0.016499154312782226,0.01429357588939522,-0.02031492976916721,-0.0022055784233870057,control,0.018109351345780206
160607,2016-03-29 18:06:00+00:00,Left,Left,99,39,0.8466425,0.8488779,-0.0022354126,0.6213652260778758,0.5596263605777209,0.06173886550015495,0.009038785587981884,0.008564847533954157,0.003849599674792975,0.0189388853837871,-0.0004739380540277269,0.015089285708994123,control,0.01556322376302185
160607,2013-10-08 17:07:00+00:00,Left,Left,85,71,0.85705906,0.8494203,0.0076387525,0.6498996727247843,0.646382004830821,0.00351766789396335,0.0092708182335824,0.015673256159042834,0.0075740802076963735,0.005253496127340225,0.006402437925460434,-0.0023205840803561485,control,-0.008723022005816584
160607,2016-03-21 19:11:00+00:00,Left,Left,97,39,0.8462343,0.8477501,-0.0015158057,0.6204033780366798,0.5701789380699085,0.050224439966771284,0.009111863528053562,0.0088466170464929,0.0038156840908813764,0.018864529540200483,-0.0002652464815606631,0.015048845449319106,control,0.01531409193087977
160607,2016-03-18 10:07:00+00:00,Left,Left,98,37,0.8467246,0.8535377,-0.0068130493,0.6184191940100324,0.5746203590853521,0.043798834924680285,0.00901888532878771,0.009324812562519541,0.0037767485389336073,0.011705001976228391,0.00030592723373183174,0.007928253437294783,control,0.007622326203562952
160607,2012-10-16 12:01:00+00:00,Left,Left,36,86,0.8451375,0.85676956,-0.011632085,0.6588455242533554,0.652326402623683,0.006519121629672386,0.025006643719922013,0.009163018021564,0.021611514831604752,0.00748600950760688,-0.01584362569835801,-0.014125505323997872,control,0.0017181203743601384
178909,2016-03-16 13:07:00+00:00,Right,Right,65,24,0.8710194,0.849611,0.021408439,0.3456533695262444,0.4064500804390638,-0.06079671091281935,0.0017065200063765343,0.0006187214611872146,0.01617914404411675,0.01573080667322743,-0.0010877985451893195,-0.00044833737088932277,control,0.0006394611742999968
178909,2016-03-28 21:39:00+00:00,Right,Right,68,20,0.869018,0.85137624,0.017641783,0.34712723788704786,0.4111955635081461,-0.06406832562109827,0.0016312323590363929,0.0007424657534246575,0.016901286183980683,0.013994813125718033,-0.0008887666056117354,-0.0029064730582626496,control,-0.0020177064526509143
178909,2019-04-05 00:00:00+00:00,Right,Right,10,12,0.84909517,0.8759263,-0.02683115,0.497715375131876,0.452164067725678,0.045551307406198005,0.0027966101694915256,0.0,0.04518223108452421,0.034244737790306914,,-0.010937493294217296,control,-0.010937493294217296
178909,2016-03-18 15:05:00+00:00,Right,Right,68,21,0.86962026,0.8510833,0.018536985,0.3423718969905596,0.42576104544692217,-0.08338914845636258,0.0016312323590363929,0.0007071102413568166,0.01635662387461249,0.01509206188339989,-0.0009241221176795762,-0.0012645619912126007,control,-0.00034043987353302445
134812,2019-05-22 17:05:00+00:00,Left,Left,285,299,0.86427563,0.86024296,0.0040326715,0.743337310054966,0.787210430501685,-0.043873120446719094,0.016615701318276558,0.01608238222910412,0.006733511200955189,0.005699395317925446,-0.0005333190891724376,-0.0010341158830297435,control,-0.0005007967938573058
134812,2019-05-22 17:05:00+00:00,Left,Left,285,299,0.86427563,0.86024296,0.0040326715,0.743337310054966,0.787210430501685,-0.043873120446719094,0.016615701318276558,0.01608238222910412,0.006733511200955189,0.005699395317925446,-0.0005333190891724376,-0.0010341158830297435,control,-0.0005007967938573058
134812,2019-05-22 17:05:00+00:00,Left,Left,285,299,0.86427563,0.86024296,0.0040326715,0.743337310054966,0.787210430501685,-0.043873120446719094,0.016615701318276558,0.01608238222910412,0.006733511200955189,0.005699395317925446,-0.0005333190891724376,-0.0010341158830297435,control,-0.0005007967938573058
134812,2019-08-16 16:25:00+00:00,Left,Left,311,267,0.86083275,0.86617696,-0.005344212,0.7613735136739309,0.7862133161235453,-0.024839802449614368,0.018791075467209612,0.01516828529525792,0.0061843535258808095,0.00602364036967373,-0.0036227901719516915,-0.00016071315620707922,control,0.0034620770157446122
134812,2019-05-22 17:05:00+00:00,Left,Left,285,299,0.86427563,0.86024296,0.0040326715,0.743337310054966,0.787210430501685,-0.043873120446719094,0.016615701318276558,0.01608238222910412,0.006733511200955189,0.005699395317925446,-0.0005333190891724376,-0.0010341158830297435,control,-0.0005007967938573058
74570,2016-03-01 18:33:00+00:00,Center,Center,23,21,0.87464947,0.86544454,0.009204924,0.3748372587815158,0.41510784961913944,-0.04027059083762363,0.0026138358511616634,0.003874663075862982,0.005579616226669923,0.011745668501970969,0.0012608272247013187,0.006166052275301046,control,0.004905225050599727
74570,2009-11-03 18:37:00+00:00,Center,Center,21,18,0.8743503,0.86407053,0.010279775,0.32926499270613924,0.2878976814903308,0.041367311215808444,0.0071859733478307234,0.009796542949070937,0.007538805537131346,0.0033777757325711374,0.002610569601240213,-0.0041610298045602085,control,-0.006771599405800422
74277,2016-03-21 18:37:00+00:00,Center,Center,71,52,0.87641555,0.85225594,0.02415961,0.32664249679131957,0.3273926756139596,-0.0007501788226400574,0.005175238273608185,0.01722068841291884,0.008454506751090362,0.0077634841199047035,0.012045450139310654,-0.0006910226311856588,control,-0.012736472770496313
74277,2007-08-21 18:32:00+00:00,Center,Center,40,95,0.8706352,0.82869464,0.04194057,0.4177175494619269,0.33295405166241726,0.08476349779950965,0.003918325073979928,0.0043323173205105075,0.017724287099206676,0.016283099371214405,0.0004139922465305791,-0.0014411877279922707,control,-0.0018551799745228498
74277,2015-09-30 11:45:00+00:00,Center,Center,47,70,0.8791656,0.860735,0.01843059,0.3521279424546714,0.3137501389318366,0.038377803522834764,0.00646495908475,0.0139422461435243,0.006128998475618507,0.01066987101278303,0.0074772870587743005,0.004540872537164523,control,-0.002936414521609777
74277,2005-08-29 17:48:00+00:00,Center,Center,72,66,0.8571093,0.8776889,-0.020579576,0.33124087559209037,0.4091899410796051,-0.07794906548751473,0.003766657246929416,0.004335718902769961,0.008420384045467681,0.006395995679785427,0.0005690616558405451,-0.002024388365682254,control,-0.002593450021522799
74277,2005-08-24 14:01:00+00:00,Center,Center,71,67,0.8562357,0.8783075,-0.022071838,0.3316000494522959,0.4076459051159914,-0.07604585566369554,0.003819708757449548,0.004271006680340558,0.008538981003854551,0.006300533057699078,0.00045129792289100995,-0.0022384479461554736,control,-0.0026897458690464835
74124,2011-10-26 12:04:00+00:00,Center,Center,162,86,0.87650365,0.8739517,0.0025519729,0.3374502334594878,0.2934497134497783,0.0440005200097095,0.002682015423785918,0.0029779987847599327,0.009379876277512373,0.01583133167384285,0.00029598336097401466,0.006451455396330477,control,0.006155472035356463
74124,2011-11-09 00:00:00+00:00,Center,Center,155,84,0.8751346,0.8726576,0.0024769902,0.32990895170993195,0.29367302661096834,0.03623592509896362,0.0022783152308641402,0.002945383848993347,0.00972230830002432,0.01600122880479356,0.0006670686181292069,0.006278920504769241,control,0.005611851886640033
74124,2013-10-08 19:11:00+00:00,Center,Center,82,111,0.8730345,0.86482704,0.00820744,0.26983188407115644,0.31041930203515583,-0.040587417963999395,0.004056493722850752,0.0032623834104883484,0.0072819072717080725,0.005247429054758987,-0.0007941103123624035,-0.0020344782169490856,control,-0.001240367904586682
74124,2013-10-07 13:49:00+00:00,Center,Center,80,113,0.87237436,0.8654398,0.006934583,0.2628898443558486,0.3146156590377809,-0.05172581468193227,0.004157906065922021,0.0032046421111876695,0.006943559663340976,0.005522975648593199,-0.0009532639547343512,-0.0014205840147477767,control,-0.00046732006001342545
74124,2013-10-08 16:44:00+00:00,Center,Center,82,111,0.8730345,0.86482704,0.00820744,0.26983188407115644,0.31041930203515583,-0.040587417963999395,0.004056493722850752,0.0032623834104883484,0.0072819072717080725,0.005247429054758987,-0.0007941103123624035,-0.0020344782169490856,control,-0.001240367904586682
74298,2007-01-25 00:00:00+00:00,Left,Left,21,24,0.8621669,0.8704283,-0.008261442,0.5343029004235016,0.6130389907516164,-0.0787360903281148,0.007217858297511098,0.004297358446533772,0.0045770497204639365,0.00563179899959597,-0.002920499850977326,0.0010547492791320333,control,0.003975249130109359
74298,2005-07-06 15:14:00+00:00,Left,Left,30,18,0.8469277,0.85431874,-0.0073910356,0.5910874636998604,0.5058826614901806,0.08520480220967985,0.005704030873128793,0.002775109367441859,0.0033354370423882614,0.0024987641319642565,-0.002928921505686934,-0.000836672910424005,control,0.002092248595262929
74298,2005-08-24 14:01:00+00:00,Left,Left,26,18,0.8391767,0.85431874,-0.015142024,0.5769084834748642,0.5058826614901806,0.07102582198468366,0.0065815740843793765,0.002775109367441859,0.003006003764433567,0.0024987641319642565,-0.0038064647169375175,-0.0005072396324693105,control,0.003299225084468207
74298,2005-02-14 10:06:00+00:00,Left,Left,42,23,0.8498162,0.82846004,0.021356165,0.5392235366305863,0.5915265774475629,-0.052303040816976565,0.0022246450497240425,0.006856174465043291,0.004758457425743346,0.003525731412806726,0.004631529415319248,-0.0012327260129366196,control,-0.005864255428255868
141433,2009-11-06 12:46:00+00:00,Right,Right,13,11,0.90512085,0.8041836,0.10093725,0.35064475422629626,0.6747399664588216,-0.32409521223252535,0.003927021852617345,0.014166190203926054,0.013638557783428006,0.048686533968987075,0.010239168351308708,0.03504797618555907,control,0.024808807834250362
178853,2016-03-18 10:07:00+00:00,Left,Left,128,90,0.87275434,0.87607074,-0.0033164024,0.6713335396567386,0.6701598064355893,0.0011737332211493312,0.012682330623429161,0.027282172620312913,0.013305969562956524,0.012188912726316555,0.014599841996883751,-0.001117056836639969,control,-0.015716898833523722
178853,2015-05-19 22:40:00+00:00,Left,Left,53,126,0.87803817,0.87236714,0.0056710243,0.6472961313801221,0.668040035809101,-0.020743904428978888,0.011804555278856235,0.02125196540818235,0.013678069166716472,0.012957385210888687,0.009447410129326116,-0.0007206839558277847,control,-0.0101680940851539
160650,2011-10-26 12:08:00+00:00,Left,Left,34,29,0.8908917,0.8846367,0.006254971,0.626193598667503,0.5597329142003163,0.06646068446718667,0.009765772935295477,0.025126589412780235,0.018682872035692574,0.012836284171028728,0.015360816477484758,-0.005846587864663846,control,-0.021207404342148604
160650,2013-10-07 15:44:00+00:00,Left,Left,48,24,0.86252373,0.8540042,0.00851953,0.5650867587596112,0.589058589601624,-0.02397183084201282,0.008737605981192909,0.007157749721992151,0.015103994173789053,0.02024573816242312,-0.0015798562592007582,0.005141743988634066,control,0.006721600247834824
160650,2013-10-08 17:07:00+00:00,Left,Left,48,24,0.86252373,0.8540042,0.00851953,0.5650867587596112,0.589058589601624,-0.02397183084201282,0.008737605981192909,0.007157749721992151,0.015103994173789053,0.02024573816242312,-0.0015798562592007582,0.005141743988634066,control,0.006721600247834824
160650,2011-10-26 12:07:00+00:00,Left,Left,34,29,0.8908917,0.8846367,0.006254971,0.626193598667503,0.5597329142003163,0.06646068446718667,0.009765772935295477,0.025126589412780235,0.018682872035692574,0.012836284171028728,0.015360816477484758,-0.005846587864663846,control,-0.021207404342148604
160650,2013-09-30 16:30:00+00:00,Left,Left,48,24,0.86252373,0.8540042,0.00851953,0.5650867587596112,0.589058589601624,-0.02397183084201282,0.008737605981192909,0.007157749721992151,0.015103994173789053,0.02024573816242312,-0.0015798562592007582,0.005141743988634066,control,0.006721600247834824
178834,2016-03-15 19:25:00+00:00,Left,Left,82,35,0.8606237,0.86649746,-0.0058737397,0.7502600609569705,0.7587856402841225,-0.008525579327152033,0.014136072282901098,0.007768347614958172,0.015290358670159574,0.005746809446048271,-0.006367724667942926,-0.009543549224111304,control,-0.0031758245561683785
178834,2016-06-28 19:25:00+00:00,Left,Left,61,48,0.8505515,0.854757,-0.004205525,0.7630011237704893,0.7680514082807269,-0.00505028451023759,0.009059603000047255,0.010401917636090448,0.014102290243500504,0.00368218286381201,0.0013423146360431928,-0.010420107379688494,control,-0.011762422015731687
178834,2016-02-23 16:59:00+00:00,Left,Left,87,42,0.8602859,0.8632929,-0.0030069947,0.744457557482151,0.7697487573901265,-0.02529119990797546,0.016819532659072458,0.009119125657967788,0.014537617695374608,0.006149552089393967,-0.0077004070011046696,-0.00838806560598064,control,-0.0006876586048759712
178834,2016-03-16 13:07:00+00:00,Left,Left,82,35,0.8606237,0.86649746,-0.0058737397,0.7502600609569705,0.7587856402841225,-0.008525579327152033,0.014136072282901098,0.007768347614958172,0.015290358670159574,0.005746809446048271,-0.006367724667942926,-0.009543549224111304,control,-0.0031758245561683785
178834,2016-03-21 19:11:00+00:00,Left,Left,80,36,0.85962087,0.86764157,-0.008020699,0.7466941489698788,0.7645591359292805,-0.01786498695940164,0.01346919263301998,0.008230066956277086,0.015341491809098991,0.0059259292378585834,-0.005239125676742893,-0.009415562571240408,control,-0.004176436894497515
141384,2013-10-02 17:08:00+00:00,Left,Left,21,23,0.88852346,0.8750753,0.013448179,0.4889609102407421,0.4030415478684356,0.08591936237230652,0.0048304577541098785,0.006801182766808569,0.015402579634401933,0.026995757931446745,0.0019707250126986906,0.011593178297044811,control,0.00962245328434612
141384,2013-09-30 16:30:00+00:00,Left,Left,21,23,0.88852346,0.8750753,0.013448179,0.4889609102407421,0.4030415478684356,0.08591936237230652,0.0048304577541098785,0.006801182766808569,0.015402579634401933,0.026995757931446745,0.0019707250126986906,0.011593178297044811,control,0.00962245328434612
141384,2013-10-02 13:01:00+00:00,Left,Left,21,23,0.88852346,0.8750753,0.013448179,0.4889609102407421,0.4030415478684356,0.08591936237230652,0.0048304577541098785,0.006801182766808569,0.015402579634401933,0.026995757931446745,0.0019707250126986906,0.011593178297044811,control,0.00962245328434612
141384,2011-10-26 19:16:00+00:00,Left,Left,39,26,0.87722653,0.8666187,0.010607839,0.5155514766357273,0.5282395947477274,-0.012688118112000102,0.007457737387786535,0.012377589029065475,0.026154871135834534,0.030363129248762204,0.00491985164127894,0.00420825811292767,control,-0.0007115935283512698
141384,2017-11-08 10:06:00+00:00,Left,Left,20,13,0.85694325,0.8853931,-0.028449833,0.42358829377610235,0.5108965716253155,-0.08730827784921319,0.0049987145218150075,0.0049564785917143245,0.03720746335855208,0.024659197661015826,-4.2235930100682946e-05,-0.012548265697536254,control,-0.012506029767435572
141465,2011-11-03 18:39:00+00:00,Center,Center,16,11,0.8614365,0.83890975,0.022526741,0.354144421689564,0.3603714776099616,-0.006227055920397573,0.0013987852362828653,0.0,0.002219516718073386,0.008264462809917356,,0.00604494609184397,control,0.00604494609184397
141465,2011-10-26 12:05:00+00:00,Center,Center,15,12,0.86150515,0.84070116,0.020803988,0.3282180003392317,0.3922605829711771,-0.0640425826319454,0.0009156687092876981,0.0007204610951008646,0.0014068697058104592,0.00877652606759235,-0.00019520761418683353,0.0073696563617818905,control,0.007564863975968724
141465,2011-10-26 12:55:00+00:00,Center,Center,15,12,0.86150515,0.84070116,0.020803988,0.3282180003392317,0.3922605829711771,-0.0640425826319454,0.0009156687092876981,0.0007204610951008646,0.0014068697058104592,0.00877652606759235,-0.00019520761418683353,0.0073696563617818905,control,0.007564863975968724
141465,2011-10-26 12:04:00+00:00,Center,Center,15,12,0.86150515,0.84070116,0.020803988,0.3282180003392317,0.3922605829711771,-0.0640425826319454,0.0009156687092876981,0.0007204610951008646,0.0014068697058104592,0.00877652606759235,-0.00019520761418683353,0.0073696563617818905,control,0.007564863975968724
160557,2013-10-02 16:55:00+00:00,Left,Left,56,23,0.8594685,0.8788755,-0.019406974,0.6405281376988101,0.5973707993630757,0.04315733833573443,0.015556221865632637,0.015388839690697898,0.009477154467720043,0.006630896714658262,-0.0001673821749347392,-0.002846257753061781,control,-0.0026788755781270417
160557,2013-10-08 16:30:00+00:00,Left,Left,56,23,0.8594685,0.8788755,-0.019406974,0.6405281376988101,0.5973707993630757,0.04315733833573443,0.015556221865632637,0.015388839690697898,0.009477154467720043,0.006630896714658262,-0.0001673821749347392,-0.002846257753061781,control,-0.0026788755781270417
160557,2013-10-02 17:04:00+00:00,Left,Left,56,23,0.8594685,0.8788755,-0.019406974,0.6405281376988101,0.5973707993630757,0.04315733833573443,0.015556221865632637,0.015388839690697898,0.009477154467720043,0.006630896714658262,-0.0001673821749347392,-0.002846257753061781,control,-0.0026788755781270417
160557,2013-10-02 13:31:00+00:00,Left,Left,56,23,0.8594685,0.8788755,-0.019406974,0.6405281376988101,0.5973707993630757,0.04315733833573443,0.015556221865632637,0.015388839690697898,0.009477154467720043,0.006630896714658262,-0.0001673821749347392,-0.002846257753061781,control,-0.0026788755781270417
160557,2013-08-20 12:22:00+00:00,Left,Left,53,26,0.85822225,0.8791765,-0.020954251,0.6375497857104557,0.6084217482242287,0.029128037486227054,0.015945993122802028,0.014628610504236198,0.009562972046976193,0.006787675912268478,-0.0013173826185658294,-0.0027752961347077155,control,-0.001457913516141886
74481,2005-02-14 22:13:00+00:00,Left,Left,123,109,0.8697996,0.86875117,0.0010484457,0.5906752645084317,0.6100479618017732,-0.019372697293341568,0.010137699491112722,0.006945699203717677,0.010840059626183313,0.008788764737060202,-0.003192000287395045,-0.0020512948891231106,control,0.0011407053982719342
74481,2005-02-02 16:03:00+00:00,Left,Left,125,105,0.8703355,0.867795,0.0025405288,0.5913329771793141,0.6114347941036004,-0.020101816924286253,0.01030882963258825,0.006618765622604758,0.010833285338831046,0.009064051012757734,-0.0036900640099834913,-0.0017692343260733122,control,0.0019208296839101791
74481,2005-02-11 13:29:00+00:00,Left,Left,124,107,0.87002677,0.86798686,0.0020399094,0.5918604045444102,0.6097597781046129,-0.017899373560202658,0.010391965355431704,0.006845517667042052,0.01092065054317646,0.00895304071345385,-0.003546447688389652,-0.0019676098297226087,control,0.0015788378586670433
74481,2005-02-28 11:13:00+00:00,Left,Left,126,109,0.86957586,0.8715364,-0.001960516,0.5920616007049891,0.6118970558667699,-0.019835455161780757,0.010152342078753918,0.006898680972454097,0.010690682255218523,0.008663089231216291,-0.003253661106299821,-0.002027593024002232,control,0.0012260680822975892
74481,2005-02-22 13:02:00+00:00,Left,Left,124,110,0.8700568,0.86887145,0.0011853576,0.5893617444175324,0.6136884832700872,-0.024326738852554763,0.01005594385005536,0.0069683197769943445,0.010752639790488286,0.0087088668758142,-0.003087624073061016,-0.0020437729146740857,control,0.0010438511583869305
204430,2019-08-16 16:25:00+00:00,Right,Right,10,30,0.84260845,0.8537579,-0.011149466,0.1386856462164522,0.41844634241765777,-0.2797606962012056,0.018202284283515825,0.00882390486726181,0.0030580939232572922,0.06429705291388381,-0.009378379416254015,0.061238958990626514,control,0.07061733840688053
204430,2019-08-16 16:25:00+00:00,Right,Right,10,30,0.84260845,0.8537579,-0.011149466,0.1386856462164522,0.41844634241765777,-0.2797606962012056,0.018202284283515825,0.00882390486726181,0.0030580939232572922,0.06429705291388381,-0.009378379416254015,0.061238958990626514,control,0.07061733840688053
204430,2021-09-28 19:32:00+00:00,Right,Right,51,10,0.87157655,0.8443729,0.02720362,0.27100675674092883,0.24819753024981414,0.022809226491114692,0.005048466454513089,0.00396078431372549,0.014145813359745603,0.03367822554476814,-0.001087682140787599,0.019532412185022538,control,0.020620094325810138
204430,2019-08-16 16:25:00+00:00,Right,Right,10,30,0.84260845,0.8537579,-0.011149466,0.1386856462164522,0.41844634241765777,-0.2797606962012056,0.018202284283515825,0.00882390486726181,0.0030580939232572922,0.06429705291388381,-0.009378379416254015,0.061238958990626514,control,0.07061733840688053
74403,2005-01-27 11:23:00+00:00,Left,Left,35,53,0.8833153,0.88794637,-0.0046310425,0.6336309393846675,0.7105025355435222,-0.07687159615885464,0.008053232528058223,0.014933635040545245,0.007318565025098805,0.007378669299349831,0.006880402512487022,6.010427425102646e-05,control,-0.006820298238235996
74403,2004-05-19 09:36:00+00:00,Left,Left,61,36,0.8846772,0.88268435,0.0019928217,0.667671035293549,0.6911344223512467,-0.023463387057697682,0.009644339700468595,0.012723128812811011,0.006521525232027989,0.008569781475795755,0.003078789112342417,0.0020482562437677664,control,-0.0010305328685746504
74403,2005-02-18 17:18:00+00:00,Left,Left,33,57,0.88306,0.8871216,-0.0040616393,0.6472842183877596,0.7135884958380653,-0.06630427745030565,0.008135934486330298,0.014305058255245565,0.008171614830059749,0.006935218221788919,0.006169123768915267,-0.0012363966082708303,control,-0.007405520377186097
74403,2005-08-10 12:09:00+00:00,Left,Left,43,52,0.8862052,0.8837669,0.0024383068,0.6950343129278919,0.7025207722962746,-0.00748645936838277,0.015044713252889965,0.008080377660925044,0.008678171831335705,0.010916856976251213,-0.006964335591964922,0.0022386851449155074,control,0.00920302073688043
74403,2005-01-31 18:40:00+00:00,Left,Left,32,56,0.88293725,0.88635033,-0.0034130812,0.639517355910493,0.7152280995864392,-0.07571074367594621,0.007756736493082174,0.014293853179008597,0.008004680496201818,0.006983383444027519,0.006537116685926422,-0.0010212970521742987,control,-0.007558413738100721
133439,2011-10-26 12:08:00+00:00,Left,Left,29,39,0.8661592,0.8736269,-0.007467687,0.5618905164678916,0.6636300833734289,-0.10173956690553732,0.015767312642888644,0.010645167093913716,0.017993098998300445,0.007967475375710138,-0.005122145548974928,-0.010025623622590307,control,-0.004903478073615379
133439,2011-11-01 16:13:00+00:00,Left,Left,30,38,0.8682198,0.8721967,-0.0039768815,0.5659153872872733,0.6631299108030099,-0.09721452351573656,0.015954748032510718,0.01036239848239695,0.01757158215112002,0.008036419633415995,-0.005592349550113767,-0.009535162517704027,control,-0.00394281296759026
133439,2021-09-28 19:32:00+00:00,Left,Left,38,39,0.8758784,0.8643149,0.01156348,0.6962742081884571,0.7275609558564158,-0.03128674766795869,0.010243397059718528,0.006305198612258219,0.024821562300222172,0.028455019466459293,-0.00393819844746031,0.003633457166237121,control,0.007571655613697431
133439,2011-10-26 19:16:00+00:00,Left,Left,29,39,0.8661592,0.8736269,-0.007467687,0.5618905164678916,0.6636300833734289,-0.10173956690553732,0.015767312642888644,0.010645167093913716,0.017993098998300445,0.007967475375710138,-0.005122145548974928,-0.010025623622590307,control,-0.004903478073615379
