deputado_id,event_date,old_bloc,new_bloc,n_pre,n_post,sim_old_pre,sim_old_post,delta_sim_old,conf_old_pre,conf_old_post,delta_conf,left_vocab_pre,left_vocab_post,right_vocab_pre,right_vocab_post,delta_left_vocab,delta_right_vocab,ideo_distance,is_rightward,bloc_change,group,sim_new_pre,sim_new_post,delta_sim_new,vocab_shift
109429,2019-08-16 16:25:00+00:00,Right,Right,12,12,0.9016419,0.87724274,0.024399161,0.3641507444750746,0.37467536092698256,-0.010524616451907942,0.0012159106777309338,0.001401919580379471,0.005415032683339202,0.04190220391080918,0.00018600890264853717,0.03648717122746997,0.0,False,False,switcher,,,,0.03630116232482143
116663,2013-10-08 16:30:00+00:00,Left,Left,59,21,0.8562398,0.8655492,-0.009309411,0.4741741828823612,0.5689922768593374,-0.09481809397697621,0.0035966530998093552,0.006320389637162811,0.00417937075092086,0.0047208888846854685,0.002723736537353456,0.0005415181337646083,0.27,False,False,switcher,,,,-0.0021822184035888478
122158,2018-04-11 17:04:00+00:00,Center,Right,37,21,0.8694585,0.8641449,0.0053135753,0.394844038869005,0.2943581459067855,0.10048589296221949,0.0021898438372415854,0.0022897251812914465,0.009199331389011299,0.011776489457089184,9.98813440498611e-05,0.002577158068077885,0.48700000000000004,True,True,switcher,0.8730478286743164,0.8672937750816345,-0.005754053592681885,0.0024772767240280238
133374,2005-10-04 13:55:00+00:00,Right,Left,21,42,0.8826462,0.87306124,0.009584963,0.28196157795890375,0.22625109995712503,0.055710478001778724,0.03350616346299401,0.0324182705632841,0.008084738995697465,0.003725241548879888,-0.0010878928997099108,-0.004359497446817576,0.7749999999999999,False,True,switcher,0.8851807117462158,0.8743168115615845,-0.010863900184631348,-0.0032716045471076656
133374,2011-10-26 12:02:00+00:00,Left,Right,14,21,0.8582038,0.8541118,0.0040920377,0.6193334852352317,0.5555442717927555,0.06378921344247623,0.010596745206301604,0.023215476326873506,0.001445385091885195,0.00023457658925639223,0.012618731120571903,-0.0012108085026288028,0.752,True,True,switcher,0.8612131476402283,0.8550543189048767,-0.0061588287353515625,-0.013829539623200705
133374,2013-10-02 13:01:00+00:00,Right,Center,27,11,0.8464802,0.83763784,0.008842349,0.24950900673771417,0.20807364723764857,0.041435359500065605,0.014510038708878736,0.012182209835203912,0.008395144811943424,0.006556515380044791,-0.002327828873674824,-0.0018386294318986328,0.353,False,True,switcher,0.8464342951774597,0.8376163840293884,-0.008817911148071289,0.0004891994417761912
133440,2006-01-30 17:51:00+00:00,Right,Center,18,15,0.89043033,0.8502712,0.040159106,0.3039388629699122,0.25889862701110133,0.04504023595881085,0.0037996633248681393,0.005680619860196965,0.008286038086985697,0.01050518998422631,0.001880956535328826,0.0022191518972406125,0.281,False,True,switcher,0.8918001651763916,0.8538561463356018,-0.037944018840789795,0.00033819536191178647
136811,2018-12-11 10:29:00+00:00,Right,Right,60,63,0.8701555,0.8674889,0.0026665926,0.2843633333778971,0.2068838531455613,0.0774794802323358,0.001600344742674218,0.00608953105194565,0.022972777759276655,0.018192597519237737,0.004489186309271431,-0.004780180240038918,0.09700000000000009,False,False,switcher,,,,-0.009269366549310348
137070,2016-02-23 16:59:00+00:00,Left,Right,15,29,0.8741898,0.8550426,0.019147217,0.559496104542018,0.5038376166537151,0.055658487888302965,0.011341651199094359,0.0032461339514786255,0.008859568739308278,0.005123732242795298,-0.008095517247615733,-0.0037358364965129794,0.853,True,True,switcher,0.8743708729743958,0.8564913272857666,-0.01787954568862915,0.004359680751102754
141383,2009-11-03 18:37:00+00:00,Center,Right,53,40,0.8702385,0.874067,-0.0038285255,0.29639852327802513,0.28049759893837173,0.0159009243396534,0.0021337979891153033,0.0046191959239099715,0.008310713266994877,0.011825922038216906,0.002485397934794668,0.0035152087712220295,0.309,True,True,switcher,0.8673326969146729,0.8714826703071594,0.004149973392486572,0.0010298108364273613
141391,2019-04-05 00:00:00+00:00,Left,Center,59,20,0.8601927,0.85918057,0.0010121465,0.6046744781945028,0.7041902608266704,-0.09951578263216754,0.0028864723216258004,0.00482635342185904,0.016394124282241743,0.0149539961363864,0.0019398811002332397,-0.001440128145855344,0.27799999999999997,True,True,switcher,0.8612825870513916,0.8582307696342468,-0.0030518174171447754,-0.0033800092460885838
141408,2019-08-16 16:25:00+00:00,Right,Right,11,11,0.90107256,0.89260286,0.008469701,0.3245614618809107,0.469262469234133,-0.14470100735322233,0.009522619692111217,0.0002872325147206664,0.01820724469923282,0.038519946703491674,-0.009235387177390551,0.020312702004258856,0.0,False,False,switcher,,,,0.029548089181649407
141427,2015-11-25 18:47:00+00:00,Left,,11,18,0.78844357,0.8299453,-0.04150176,0.5997461534565601,0.5032149887928127,0.09653116466374745,0.004329004329004329,0.03445814150014732,0.0,0.015673621905075912,0.03012913717114299,,,False,True,switcher,,,,-0.03012913717114299
141427,2018-05-21 11:16:00+00:00,Center,Center,61,10,0.8045374,0.87825406,-0.07371664,0.26512074354856435,0.2833610875690186,-0.01824034402045427,0.008508678964671845,0.003330143414791356,0.007654595987497398,0.0005128205128205128,-0.005178535549880488,-0.007141775474676886,0.0,False,False,switcher,,,,-0.0019632399247963978
141430,2016-03-21 00:00:00+00:00,Right,Center,17,15,0.857276,0.8677425,-0.010466456,0.2526230287004726,0.32907737802254977,-0.07645434932207718,0.005098942325344514,0.0044005307633712305,0.02844028186720618,0.03510649900483062,-0.0006984115619732834,0.006666217137624442,0.353,False,True,switcher,0.8578060269355774,0.8699211478233337,0.012115120887756348,0.007364628699597725
141435,2009-11-03 18:28:00+00:00,Center,Right,156,71,0.8713016,0.8692134,0.0020881891,0.35162174276908614,0.22522777119183557,0.12639397157725057,0.003561772446938685,0.003858455229661087,0.015418717337537871,0.013923124805403014,0.000296682782722402,-0.0014955925321348575,0.309,True,True,switcher,0.8681686520576477,0.8668174743652344,-0.00135117769241333,-0.0017922753148572595
141439,2018-03-27 14:38:00+00:00,Left,Left,27,18,0.8522469,0.828254,0.023992896,0.6295194164778556,0.7777143742861281,-0.14819495780827252,0.021898084669597945,0.016868273453678733,0.01483634548306845,0.005667206657772695,-0.005029811215919212,-0.009169138825295756,0.18100000000000005,True,False,switcher,,,,-0.004139327609376544
141442,2009-09-30 13:15:00+00:00,Center,Right,32,34,0.8443081,0.8653224,-0.021014333,0.4187271000936427,0.3241992944432481,0.09452780565039465,0.006695897546844228,0.0053548020592999145,0.023705876692419234,0.013789805471070636,-0.0013410954875443136,-0.009916071221348598,0.309,True,True,switcher,0.8431315422058105,0.8627117276191711,0.019580185413360596,-0.008574975733804283
141447,2011-10-26 12:07:00+00:00,Right,Right,15,26,0.84566563,0.8366699,0.008995712,0.33807019948582867,0.35877026412166296,-0.020700064635834292,0.00356401384083045,0.0022894479053495714,0.02596847766108625,0.009665816837542984,-0.0012745659354808786,-0.016302660823543265,0.267,False,False,switcher,,,,-0.015028094888062386
141448,2011-10-26 19:16:00+00:00,Right,Right,22,11,0.88729894,0.8311207,0.056178212,0.2281565156024226,0.44265508274996923,-0.21449856714754664,0.008452544790102235,0.002361275088547816,0.009150247196336827,0.009177554632100087,-0.006091269701554419,2.730743576325953e-05,0.05199999999999999,False,False,switcher,,,,0.006118577137317678
141450,2013-10-02 13:31:00+00:00,Right,Center,39,14,0.8542448,0.8763256,-0.02208078,0.2612853905724091,0.2405247780724629,0.020760612499946235,0.001477668357825398,0.0013900607948767877,0.01224142471201446,0.016799546848434422,-8.760756294861022e-05,0.004558122136419962,0.521,False,True,switcher,0.8542187213897705,0.8758575320243835,0.021638810634613037,0.004645729699368572
141450,2016-03-21 18:37:00+00:00,Center,Left,37,12,0.8628214,0.87384874,-0.011027336,0.32338771651240406,0.32878342846259645,-0.0053957119501923945,0.00031065548306927616,0.0025089715904015805,0.0026768602630671593,0.004368895199731102,0.002198316107332304,0.0016920349366639424,0.448,False,True,switcher,0.8610194325447083,0.8723739981651306,0.011354565620422363,-0.0005062811706683617
141454,2016-03-01 18:33:00+00:00,Center,Right,37,26,0.8662923,0.8845035,-0.018211186,0.3096246138148656,0.4130057231701492,-0.1033811093552836,0.0033070867307207845,0.00791659277033584,0.010864926900209789,0.009734107210088178,0.004609506039615055,-0.0011308196901216108,0.659,True,True,switcher,0.8681036233901978,0.8851069211959839,0.017003297805786133,-0.005740325729736666
141454,2018-04-11 09:41:00+00:00,Right,Right,26,12,0.8479169,0.87108016,-0.023163259,0.42585380895796765,0.39514201061505877,0.03071179834290888,0.0037975903447772775,0.0026881720430107525,0.01805399134132003,0.010608305846963944,-0.001109418301766525,-0.007445685494356086,0.126,False,False,switcher,,,,-0.006336267192589561
141460,2007-04-23 00:00:00+00:00,Right,Right,29,77,0.8764623,0.86417735,0.0122849345,0.3524353700722654,0.33876868771789775,0.013666682354367632,0.0,0.0010838673042728954,0.018794140963028706,0.036564864274796216,,0.01777072331176751,0.02200000000000002,True,False,switcher,,,,0.01777072331176751
141476,2007-04-02 16:34:00+00:00,Right,Right,12,28,0.90007275,0.89876115,0.0013116002,0.2096930819324454,0.23686653537441443,-0.02717345344196903,0.008825674453166283,0.010825224647331589,0.009194411086731158,0.011222457232582321,0.0019995501941653063,0.002028046145851163,0.292,False,False,switcher,,,,2.8495951685856766e-05
141478,2009-09-29 16:33:00+00:00,Center,,16,29,0.8510928,0.847596,0.0034968257,0.27677973070316075,0.2083548908812395,0.06842483982192124,0.0038700440396476827,0.001939164261410218,0.005385756913944688,0.006788256428147989,-0.0019308797782374646,0.0014024995142033004,,False,True,switcher,,,,0.003333379292440765
141490,2009-11-06 12:46:00+00:00,Left,Center,37,16,0.89984417,0.9009919,-0.001147747,0.4726360789856967,0.6245914658195895,-0.15195538683389276,0.00590888101972398,0.0023391543746283275,0.006731147606710414,0.005738331964357935,-0.0035697266450956523,-0.0009928156423524796,0.653,True,True,switcher,0.9012783169746399,0.9023628234863281,0.0010845065116882324,0.0025769110027431727
141495,2009-11-12 14:59:00+00:00,Center,Center,85,141,0.855979,0.8524742,0.0035048127,0.32449890452444297,0.28531444582758675,0.03918445869685622,0.006364774697339325,0.0025842303827881114,0.008695679544492648,0.0093502610792153,-0.003780544314551214,0.0006545815347226511,0.02499999999999998,True,False,switcher,,,,0.004435125849273865
141496,2007-04-23 00:00:00+00:00,Right,Right,17,52,0.8871337,0.86815256,0.018981159,0.459332574250666,0.33373139774849064,0.12560117650217534,0.009508468799563477,0.005297599128635659,0.04925456253595575,0.04335923218167322,-0.004210869670927818,-0.005895330354282524,0.02200000000000002,True,False,switcher,,,,-0.0016844606833547058
141496,2013-08-29 12:11:00+00:00,Right,Right,30,18,0.88435084,0.90399617,-0.019645333,0.43228905278994195,0.4432225555744253,-0.010933502784483351,0.0026700331458685265,0.0032705133928896037,0.06893360543446449,0.049386729067323165,0.0006004802470210772,-0.019546876367141322,0.008000000000000007,True,False,switcher,,,,-0.0201473566141624
141496,2013-10-03 16:48:00+00:00,Right,Center,33,15,0.888263,0.8993185,-0.011055529,0.4390443596699561,0.4305475809952909,0.008496778674665195,0.0029017963319549586,0.0028807304329036684,0.06755779374430267,0.048504139512250945,-2.1065899051290245e-05,-0.01905365423205172,0.654,False,True,switcher,0.8886644840240479,0.8995231986045837,0.010858714580535889,-0.019032588333000432
141530,2007-04-23 00:00:00+00:00,Right,Right,16,64,0.8920857,0.8726256,0.019460082,0.32338499491830763,0.2672848922339659,0.056100102684341735,0.001263989029269165,0.00346892126341601,0.01000354950060739,0.014664252767733775,0.002204932234146845,0.004660703267126386,0.02200000000000002,True,False,switcher,,,,0.002455771032979541
141535,2009-05-13 17:47:00+00:00,Left,Center,17,22,0.8815337,0.8952011,-0.013667405,0.4030412021172284,0.5414266575435406,-0.1383854554263122,0.0026676480927312726,0.002127830403226588,0.010481924753368725,0.009533308186295223,-0.0005398176895046848,-0.0009486165670735021,0.678,True,True,switcher,0.8813368082046509,0.8955881595611572,0.014251351356506348,-0.00040879887756881724
141537,2011-10-26 12:06:00+00:00,Left,Right,57,48,0.87993085,0.8627686,0.017162263,0.3298259295590445,0.2702910035720196,0.05953492598702492,0.003530287905910471,0.006074035216171457,0.028309905486051522,0.03122713703045585,0.0025437473102609856,0.00291723154440433,0.806,True,True,switcher,0.8806518912315369,0.8631884455680847,-0.01746344566345215,0.00037348423414334435
141540,2009-10-01 18:08:00+00:00,Left,Right,10,11,0.79377973,0.7958238,-0.0020440817,0.48125462714918843,0.2784152515713421,0.20283937557784631,0.012417918935758282,0.0010224661423410342,0.0015114522216561244,0.02610353572313453,-0.011395452793417247,0.024592083501478405,0.9410000000000001,True,True,switcher,0.8001136779785156,0.7990678548812866,-0.001045823097229004,0.03598753629489565
141546,2007-04-23 00:00:00+00:00,Right,Right,16,14,0.87299496,0.886691,-0.013696015,0.26389942095799657,0.2549345494908095,0.008964871467187052,0.0021561472795957417,0.008659633344863369,0.03294058881907086,0.023953420509193673,0.006503486065267627,-0.008987168309877187,0.02200000000000002,True,False,switcher,,,,-0.015490654375144814
141552,2013-10-02 17:08:00+00:00,Left,Center,30,12,0.8431026,0.8761637,-0.033061147,0.5363030969629519,0.4588770972526302,0.07742599971032166,0.004242783576109727,0.0,0.005015573739794089,0.015205314906665273,,0.010189741166871186,0.557,True,True,switcher,0.8434168696403503,0.8761889934539795,0.03277212381362915,0.010189741166871186
141552,2015-11-19 18:18:00+00:00,Center,,17,10,0.84763,0.8758167,-0.028186679,0.2538656958431961,0.48165733700817304,-0.2277916411649769,0.0011400506366773954,0.001999020056463382,0.008981601501767314,0.0027594858468452123,0.0008589694197859866,-0.006222115654922101,,False,True,switcher,,,,-0.007081085074708088
141555,2019-08-16 16:25:00+00:00,Right,Right,89,46,0.8738831,0.87902474,-0.005141616,0.3133372328176062,0.3788111217515123,-0.0654738889339061,0.0038423451903395168,0.006526509814884801,0.0121050924721542,0.023283505541140014,0.002684164624545284,0.011178413068985813,0.0,False,False,switcher,,,,0.008494248444440529
141563,2009-11-03 18:33:00+00:00,Center,Left,96,40,0.8797476,0.8701475,0.009600103,0.25812068608683564,0.29485602040026804,-0.0367353343134324,0.004366192327187466,0.0032780146697298992,0.007597763294427404,0.009071722847223117,-0.0010881776574575668,0.0014739595527957132,0.5479999999999999,False,True,switcher,0.8797206878662109,0.8711736798286438,-0.008547008037567139,0.00256213721025328
143084,2022-04-04 14:29:00+00:00,Center,Right,44,28,0.86537,0.89453405,-0.029164076,0.13122409907312954,0.16646524867038334,-0.0352411495972538,0.002875274416686725,0.0012860710791890943,0.010314924424428364,0.005624579376640878,-0.001589203337497631,-0.004690345047787485,0.11600000000000002,True,True,switcher,0.86844402551651,0.8970230221748352,0.028578996658325195,-0.0031011417102898542
147975,2011-10-26 12:05:00+00:00,Right,Right,35,14,0.8456323,0.8122443,0.03338802,0.2567589382217836,0.46810261242752704,-0.21134367420574346,0.003297272871065708,0.002976190476190476,0.007549155135826089,0.02075602968460111,-0.0003210823948752318,0.013206874548775022,0.025999999999999968,False,False,switcher,,,,0.013527956943650254
148134,2018-03-27 19:58:00+00:00,Right,Right,48,15,0.84088755,0.8920065,-0.05111897,0.6093638790099837,0.46581751803981636,0.14354636097016732,0.0033285081679838616,0.005715920529070854,0.04162915670883624,0.013995263757024545,0.0023874123610869926,-0.027633892951811696,0.259,True,False,switcher,,,,-0.030021305312898688
149327,2013-10-02 14:11:00+00:00,Right,Center,52,33,0.87164605,0.8572292,0.014416873,0.21894917120465632,0.24421841272921693,-0.025269241524560615,0.0011807364748541219,0.0007671653241273494,0.0072099053831407535,0.006580002528388256,-0.0004135711507267725,-0.0006299028547524978,0.646,False,True,switcher,0.8690968155860901,0.8546727299690247,-0.01442408561706543,-0.00021633170402572536
150418,2009-10-07 13:49:00+00:00,Right,Right,15,10,0.8880273,0.8964313,-0.0084040165,0.07317721833867727,0.17548204762810854,-0.10230482928943127,0.02218042863640247,0.016587901906281212,0.00491796171772904,0.004347704708351061,-0.005592526730121259,-0.0005702570093779787,0.0,False,False,switcher,,,,0.00502226972074328
151208,2013-10-02 11:12:00+00:00,Right,Center,36,24,0.8847166,0.87735826,0.0073583126,0.33121152603224174,0.239205949276836,0.09200557675540574,0.004877249620462518,0.0024329028860727527,0.02040802946303428,0.01261826833120315,-0.0024443467343897656,-0.0077897611318311286,0.272,False,True,switcher,0.8846067786216736,0.8772993087768555,-0.007307469844818115,-0.0053454143974413625
151208,2014-04-24 00:00:00+00:00,Center,Center,43,18,0.8837935,0.84260225,0.04119122,0.3305305353813035,0.2725559672279516,0.05797456815335189,0.004692333626508754,0.0030204514537363674,0.012874280422641424,0.012074469587818175,-0.0016718821727723862,-0.0007998108348232485,0.0,False,False,switcher,,,,0.0008720713379491377
154919,2011-10-26 12:08:00+00:00,Right,Right,19,53,0.90239567,0.8989389,0.0034567714,0.2372282139976111,0.28834984875438685,-0.05112163475677575,0.0013609022556390978,0.0021550615488701375,0.008370046768216106,0.009130020737522034,0.0007941592932310397,0.0007599739693059278,0.267,False,False,switcher,,,,-3.418532392511194e-05
160318,2007-04-23 00:00:00+00:00,Right,Right,15,28,0.8201716,0.8663797,-0.046208084,0.14286097776648543,0.19537720739659853,-0.0525162296301131,0.005104303921016574,0.0028883474048347446,0.003469400584298093,0.007655426754554319,-0.0022159565161818293,0.0041860261702562265,0.02200000000000002,True,False,switcher,,,,0.006401982686438056
160509,2012-11-08 00:00:00+00:00,Center,Right,25,22,0.8811481,0.85020196,0.030946136,0.5647882210698854,0.5588386662461904,0.005949554823694969,0.0046490493351794195,0.0023385705203887025,0.009212265531484468,0.020106116459166153,-0.002310478814790717,0.010893850927681685,0.28400000000000003,True,True,switcher,0.8795102834701538,0.8494240045547485,-0.030086278915405273,0.013204329742472402
160511,2015-09-30 11:45:00+00:00,Left,Left,163,157,0.8339988,0.8311188,0.0028799772,0.5445798517896666,0.5677516434525192,-0.023171791662852548,0.0092758324622405,0.005015211900070093,0.018043180678151728,0.01864919630924294,-0.004260620562170407,0.000606015631091212,0.02100000000000002,False,False,switcher,,,,0.004866636193261619
160511,2018-03-05 18:10:00+00:00,Left,Left,110,34,0.84169394,0.8665789,-0.02488494,0.6107694889597024,0.6249841531740983,-0.014214664214395878,0.006792762976881485,0.010769101639082297,0.008355279978806284,0.026930276766582332,0.003976338662200812,0.01857499678777605,0.12700000000000006,True,False,switcher,,,,0.014598658125575238
160527,2018-12-11 10:29:00+00:00,Right,Right,46,29,0.834741,0.86363345,-0.028892457,0.30793668602931623,0.33035744273315726,-0.022420756703841027,0.0005109529230279166,0.0004997501249375312,0.03492003967619373,0.03290325495954932,-1.1202798090385424e-05,-0.002016784716644411,0.09700000000000009,False,False,switcher,,,,-0.0020055819185540256
160531,2019-08-16 16:25:00+00:00,Right,Right,14,21,0.8034409,0.8562116,-0.052770674,0.29094275219966165,0.45372055296079905,-0.1627778007611374,0.011625696200090931,0.001919179023455583,0.03798606396979768,0.07534499771037188,-0.009706517176635348,0.0373589337405742,0.0,False,False,switcher,,,,0.04706545091720955
160533,2011-10-27 16:16:00+00:00,Right,Right,19,20,0.86354595,0.879419,-0.015873075,0.20481235462158195,0.2452529301605903,-0.040440575539008344,0.0015313454762897903,0.0023121948239891075,0.0098264271732371,0.011523480069266893,0.0007808493476993172,0.001697052896029793,0.05199999999999999,False,False,switcher,,,,0.0009162035483304758
160541,2018-12-11 10:29:00+00:00,Right,Right,22,58,0.8495473,0.8391012,0.010446131,0.3253512962752963,0.2912517279725778,0.034099568302718486,0.0014678016054742607,0.0010174338667986581,0.013975705953170487,0.01377741688532482,-0.0004503677386756026,-0.00019828906784566738,0.09700000000000009,False,False,switcher,,,,0.0002520786708299352
160544,2011-10-26 12:07:00+00:00,Right,Right,15,37,0.8846169,0.8518648,0.032752097,0.22377667111203667,0.2514254681122513,-0.027648797000214637,0.005445444056420259,0.0030731331263556087,0.011750358001080529,0.011036425628774545,-0.00237231093006465,-0.0007139323723059834,0.267,False,False,switcher,,,,0.0016583785577586668
160544,2018-05-21 11:16:00+00:00,Center,Center,11,20,0.89670277,0.8705964,0.026106358,0.5221844450273415,0.4283289231389048,0.09385552188843671,0.0,0.000529100529100529,0.023192589744677836,0.012814191355437505,,-0.010378398389240331,0.0,False,False,switcher,,,,-0.010378398389240331
160546,2013-10-01 17:58:00+00:00,Right,Center,44,62,0.88158363,0.8644511,0.01713252,0.3429562843504009,0.24823166773738417,0.0947246166130167,0.0015484328097745408,0.0008199443683314651,0.007435437035708619,0.008067717753398977,-0.0007284884414430757,0.0006322807176903584,0.22,False,True,switcher,0.8794233202934265,0.8615886569023132,-0.01783466339111328,0.001360769159133434
160546,2014-04-24 00:00:00+00:00,Center,Center,52,38,0.88066113,0.8575975,0.02306366,0.2777859902993267,0.26117416114209463,0.016611829157232083,0.000604414110727658,0.0013378039693829169,0.006992048869323063,0.009650469846784115,0.0007333898586552589,0.002658420977461052,0.0,False,False,switcher,,,,0.0019250311188057931
160559,2018-05-21 11:16:00+00:00,Center,Center,22,10,0.85286564,0.8655732,-0.012707591,0.300637681623993,0.2904523404806191,0.010185341143373938,0.0031479242846143497,0.005901577214578186,0.011835999831430633,0.005293519891311689,0.002753652929963836,-0.006542479940118943,0.0,False,False,switcher,,,,-0.009296132870082779
160563,2011-10-26 12:07:00+00:00,Right,Right,149,149,0.85516465,0.852652,0.0025126338,0.21503389662733494,0.22832728311003092,-0.013293386482695985,0.0024253177217215616,0.001638603119021542,0.010477716366861458,0.007141968216850345,-0.0007867146027000197,-0.0033357481500111124,0.267,False,False,switcher,,,,-0.0025490335473110927
160597,2013-08-20 12:22:00+00:00,Left,,13,10,0.898448,0.903992,-0.005544007,0.41723759464031135,0.324551268245287,0.09268632639502433,0.007130397542741486,0.0002463054187192118,0.01525877518436275,0.016135575467410172,-0.006884092124022275,0.0008768002830474228,,False,True,switcher,,,,0.0077608924070696975
160600,2013-10-04 11:23:00+00:00,Center,Center,16,33,0.86223066,0.84369606,0.0185346,0.21162171974428282,0.24830804553632238,-0.036686325792039565,0.006851546319371641,0.0008425419609630136,0.02540562563369876,0.01271679434522937,-0.0060090043584086275,-0.012688831288469392,0.099,True,False,switcher,,,,-0.006679826930060764
160600,2014-04-24 00:00:00+00:00,Center,Center,40,49,0.85373384,0.8388936,0.014840245,0.24464311139971845,0.2643442404187819,-0.019701129019063457,0.003251891564663547,0.0035926376129451856,0.014523767047852543,0.013553018191114527,0.0003407460482816385,-0.000970748856738016,0.0,False,False,switcher,,,,-0.0013114949050196546
160600,2016-03-17 16:39:00+00:00,Center,Left,167,40,0.8388111,0.8415947,-0.0027835965,0.2773188677290718,0.34512075219717664,-0.06780188446810481,0.0058795456134726875,0.003721699035732537,0.011607355432259272,0.004825272694266597,-0.0021578465777401506,-0.006782082737992675,0.5599999999999999,False,True,switcher,0.8386832475662231,0.8409589529037476,0.002275705337524414,-0.004624236160252524
160601,2018-03-14 19:26:00+00:00,Right,Right,92,41,0.86869305,0.8793164,-0.010623336,0.3757015668793575,0.3418937771711622,0.03380778970819531,0.008121039195147433,0.02405818836717575,0.010677283447662918,0.014645637071172588,0.015937149172028316,0.00396835362350967,0.272,False,False,switcher,,,,-0.011968795548518646
160619,2011-10-26 12:00:00+00:00,Right,Right,21,12,0.8695432,0.8705628,-0.001019597,0.3026836896273481,0.24803937468962667,0.05464431493772143,0.007802082688665433,0.005376344086021505,0.007718657635917659,0.002109704641350211,-0.002425738602643928,-0.005608952994567448,0.267,False,False,switcher,,,,-0.00318321439192352
160621,2016-03-30 20:03:00+00:00,Left,Right,143,39,0.8474757,0.853799,-0.006323278,0.48382704186401193,0.43142347174494755,0.05240357011906438,0.002939929558672777,0.004779510104491648,0.003129327978270792,0.009709558888127185,0.001839580545818871,0.006580230909856393,0.78,True,True,switcher,0.8498208522796631,0.8561328053474426,0.006311953067779541,0.004740650364037521
160632,2013-10-04 15:15:00+00:00,Left,Center,11,22,0.8965158,0.88463724,0.01187855,0.6303705337297774,0.694775682841949,-0.06440514911217166,0.010822070108284756,0.020094863180843026,0.009300494564204197,0.003935268144747287,0.00927279307255827,-0.00536522641945691,0.506,True,True,switcher,0.893923819065094,0.8813548684120178,-0.012568950653076172,-0.01463801949201518
160632,2018-12-17 15:27:00+00:00,Center,Center,28,53,0.8556024,0.8537993,0.0018031001,0.18156562548201913,0.18082175725457122,0.0007438682274479025,0.019792316306588804,0.005945207534783085,0.0077888381459810035,0.019091218747050765,-0.013847108771805719,0.01130238060106976,0.0,False,False,switcher,,,,0.025149489372875478
160636,2013-10-08 19:11:00+00:00,Center,Right,21,40,0.88646936,0.8730405,0.013428867,0.25546545709698587,0.26256760192682627,-0.0071021448298403955,0.0038772988993943745,0.0018053135888501741,0.00548112550562619,0.012320928788782787,-0.0020719853105442003,0.006839803283156597,0.22200000000000003,True,True,switcher,0.8864293098449707,0.8756152987480164,-0.010814011096954346,0.008911788593700797
160637,2013-10-02 15:21:00+00:00,Right,Center,26,12,0.882068,0.86969835,0.012369633,0.30064003726171573,0.26469251775370467,0.03594751950801106,0.0005059446079034749,0.00038037654439263945,0.01895491068430585,0.0051718572216628905,-0.00012556806351083543,-0.013783053462642959,0.40499999999999997,False,True,switcher,0.8822603821754456,0.8701335787773132,-0.012126803398132324,-0.013657485399132124
160641,2016-03-22 12:23:00+00:00,Left,Left,10,20,0.8610245,0.8527155,0.008309007,0.6071110823625283,0.6824838504242015,-0.07537276806167315,0.006628468388537151,0.030538295304711093,0.014516032462106022,0.0034631827009643365,0.023909826916173944,-0.011052849761141684,0.20999999999999996,False,False,switcher,,,,-0.03496267667731563
160643,2013-10-02 15:45:00+00:00,Left,Center,37,34,0.86864287,0.8822299,-0.013587058,0.6506664705147375,0.5025724171954846,0.14809405331925285,0.005558007616752671,0.006707594754455554,0.007426005276397889,0.007710027174498692,0.0011495871377028835,0.0002840218981008027,0.373,True,True,switcher,0.8675764799118042,0.8816473484039307,0.014070868492126465,-0.0008655652396020808
160646,2014-04-24 00:00:00+00:00,Center,Center,56,20,0.80824345,0.87284887,-0.064605415,0.2339024673676999,0.19523685472175528,0.03866561264594462,0.001721568624255271,0.010577939121246207,0.0163245542730587,0.007900373043764767,0.008856370496990937,-0.008424181229293932,0.0,False,False,switcher,,,,-0.01728055172628487
160653,2018-03-26 14:22:00+00:00,Left,Right,69,39,0.8725058,0.86580646,0.0066993237,0.47841963622204026,0.44425198449470715,0.034167651727333104,0.005184755198602102,0.009372290487724816,0.029201908566992542,0.041015379650764155,0.004187535289122714,0.011813471083771614,0.536,True,True,switcher,0.871801495552063,0.8645020723342896,-0.0072994232177734375,0.0076259357946489
160653,2022-03-30 17:16:00+00:00,Right,Right,22,22,0.89734197,0.8813761,0.015965879,0.2944261539253774,0.3911232472277846,-0.09669709330240717,0.004849315352531984,0.0016957518940679123,0.029817227938174973,0.03564941502497007,-0.003153563458464072,0.005832187086795098,0.15599999999999997,True,False,switcher,,,,0.00898575054525917
160661,2013-10-08 16:30:00+00:00,Right,Center,20,29,0.881652,0.8498709,0.031781077,0.31348559912822577,0.25770223681215315,0.055783362316072616,0.0069736373447917485,0.004194329017068324,0.006419112239350061,0.01597416075926919,-0.0027793083277234242,0.009555048519919129,0.256,False,True,switcher,0.8799031972885132,0.8480111956596375,-0.03189200162887573,0.012334356847642553
160665,2013-10-01 16:05:00+00:00,Right,Center,44,20,0.8632652,0.86958635,-0.006321132,0.27050406897024026,0.20048332666921564,0.07002074230102462,0.0021322933517642,0.0029657054452481937,0.0354186414950978,0.0015912022536307062,0.0008334120934839935,-0.03382743924146709,0.513,False,True,switcher,0.8620140552520752,0.8692858815193176,0.007271826267242432,-0.03466085133495109
160665,2014-04-24 00:00:00+00:00,Center,Center,46,13,0.86661834,0.875163,-0.008544683,0.37422076448463704,0.4186493481427122,-0.04442858365807517,0.0022079875934055693,0.0232651238724057,0.02825393471162153,0.0040775938803865675,0.02105713627900013,-0.024176340831234964,0.0,False,False,switcher,,,,-0.04523347711023509
160665,2018-12-17 15:27:00+00:00,Center,Center,25,65,0.81730235,0.8501974,-0.03289503,0.23900625827025834,0.2577854075667169,-0.018779149296458575,0.004312336769191932,0.004824499036900499,0.01568897450237163,0.016396292565628478,0.0005121622677085663,0.0007073180632568496,0.0,False,False,switcher,,,,0.0001951557955482833
160667,2013-08-06 17:27:00+00:00,Right,Right,12,17,0.8582936,0.85913527,-0.0008416772,0.20141854257894629,0.2647169117541015,-0.06329836917515522,0.0003180661577608142,0.001345909864074065,0.009621647860014359,0.007106176942936771,0.0010278437063132508,-0.002515470917077588,0.30100000000000005,True,False,switcher,,,,-0.0035433146233908386
160673,2016-06-28 19:25:00+00:00,Left,,55,11,0.8754713,0.8951969,-0.01972562,0.5982233948347556,0.5979036201157109,0.00031977471904476307,0.009884394490692595,0.015156735060175359,0.003058622644961704,0.005375200219220355,0.005272340569482763,0.002316577574258651,,False,True,switcher,,,,-0.0029557629952241126
160673,2019-05-22 17:05:00+00:00,Right,Right,20,86,0.8591722,0.8565107,0.0026615262,0.3731703537498511,0.39380336007270955,-0.02063300632285847,0.0024193871982537236,0.0037520566674203396,0.006986207445758816,0.017216355462108042,0.001332669469166616,0.010230148016349225,0.009000000000000008,True,False,switcher,,,,0.008897478547182609
160674,2018-04-06 14:11:00+00:00,Center,Right,11,13,0.87752706,0.87355256,0.0039744973,0.2911742510834106,0.15973820393083987,0.13143604715257073,0.004368358913813459,0.00029853716787740076,0.014746350358235573,0.010058252500997336,-0.004069821745936058,-0.0046880978572382374,0.246,True,True,switcher,0.876807451248169,0.8759590983390808,-0.0008483529090881348,-0.0006182761113021793
160677,2016-03-18 10:07:00+00:00,Right,Right,32,26,0.8637654,0.87642086,-0.012655437,0.31422498754777406,0.3539939041219731,-0.039768916574199065,0.0016510707902613378,0.011414983616705508,0.029100668651424542,0.025558873982880686,0.00976391282644417,-0.0035417946685438566,0.24100000000000005,True,False,switcher,,,,-0.013305707494988026
160974,2011-10-26 12:04:00+00:00,Right,Right,27,32,0.85707384,0.8598305,-0.0027566552,0.13638531000434112,0.18523539979069614,-0.04885008978635502,0.03126835221028063,0.030420634585016246,0.01152210033560095,0.005396056699859252,-0.0008477176252643867,-0.006126043635741698,0.267,False,False,switcher,,,,-0.005278326010477312
161550,2022-04-01 14:59:00+00:00,Left,Right,20,13,0.8923566,0.88953435,0.0028222203,0.44445563891764667,0.3889991582497136,0.05545648066793307,0.0035358392657301972,0.00249845240853648,0.01674778878268437,0.025885656430876338,-0.0010373868571937174,0.00913786764819197,0.862,True,True,switcher,0.8907541036605835,0.8877305388450623,-0.0030235648155212402,0.010175254505385686
161904,2013-10-02 17:02:00+00:00,Center,Center,94,46,0.8629505,0.8811022,-0.0181517,0.265744013382678,0.24224428690720146,0.023499726475476546,0.005311440742014163,0.0022830525884693265,0.007182786408784169,0.008167726999055552,-0.003028388153544837,0.000984940590271383,0.12099999999999998,False,False,switcher,,,,0.0040133287438162205
164360,2019-04-05 00:00:00+00:00,Left,Center,89,77,0.8488185,0.8652,-0.016381502,0.49985281452653874,0.6074719630746759,-0.10761914854813714,0.0005360330703881532,0.0013374026180229324,0.028345563354990444,0.0288625290765038,0.0008013695476347792,0.0005169657215133572,0.27799999999999997,True,True,switcher,0.8466970920562744,0.8625752925872803,0.01587820053100586,-0.00028440382612142205
167722,2016-03-17 13:20:00+00:00,Left,Right,25,20,0.8519906,0.84988576,0.0021048188,0.5851880737649849,0.4407474818840522,0.14444059188093272,0.0029968414189867785,0.009815333133658033,0.029332925457473964,0.013834255422607425,0.006818491714671255,-0.01549867003486654,1.0190000000000001,True,True,switcher,0.8521362543106079,0.8486559987068176,-0.003480255603790283,-0.022317161749537795
168175,2013-10-02 16:55:00+00:00,Left,Center,118,58,0.8597603,0.86434644,-0.00458616,0.38065455433937034,0.5490668248684296,-0.16841227052905927,0.007038111089623356,0.011553572370596127,0.0065818159412504304,0.005052024380292949,0.00451546128097277,-0.0015297915609574818,0.5599999999999999,True,True,switcher,0.8590790629386902,0.8631256222724915,0.0040465593338012695,-0.006045252841930252
168175,2014-04-24 00:00:00+00:00,Center,Center,144,22,0.8609784,0.8581712,0.0028072,0.382582947230859,0.29426426385206167,0.08831868337879734,0.009945020542618185,0.008674434014703795,0.006148996637987851,0.006681260846376259,-0.00127058652791439,0.0005322642083884074,0.0,False,False,switcher,,,,0.0018028507363027973
177282,2022-04-01 15:27:00+00:00,Left,Right,51,26,0.86174667,0.8885498,-0.026803136,0.7610139162103158,0.46429101038871295,0.2967229058216028,0.0018682753372140245,0.004570456793022015,0.033019249467844076,0.01792039599879823,0.0027021814558079904,-0.015098853469045846,0.752,True,True,switcher,0.8632751107215881,0.8878110647201538,0.024535953998565674,-0.017801034924853836
178829,2019-05-22 17:05:00+00:00,Right,Right,20,52,0.84576863,0.8750257,-0.02925706,0.33113403303987454,0.41616297511870215,-0.08502894207882761,0.01342050934232796,0.0015223568382021235,0.006990379957902826,0.011044275164130238,-0.011898152504125837,0.004053895206227412,0.009000000000000008,True,False,switcher,,,,0.01595204771035325
178842,2015-10-21 17:27:00+00:00,Center,Left,55,55,0.8683585,0.87293756,-0.004579067,0.31306391149701235,0.29079899030747597,0.02226492118953638,0.0019137340221532708,0.0037068374046581956,0.009827775748903051,0.006727693075635939,0.0017931033825049248,-0.003100082673267112,0.581,False,True,switcher,0.8676117062568665,0.8739557862281799,0.0063440799713134766,-0.004893186055772037
178843,2022-04-05 13:09:00+00:00,Right,Right,23,27,0.87526685,0.8547794,0.020487428,0.30472654858323267,0.27004540328124654,0.03468114530198613,0.005604695444363788,0.003336366654523759,0.003667699319873233,0.017790133562768966,-0.002268328789840029,0.014122434242895734,0.17799999999999994,True,False,switcher,,,,0.016390763032735765
178852,2016-03-29 18:06:00+00:00,Right,Right,21,30,0.8436921,0.868429,-0.024736881,0.6070268403738261,0.20238802723657712,0.40463881313724903,0.0022675736961451248,0.0012954506186515712,0.014866237862344986,0.0030030727511773164,-0.0009721230774935535,-0.01186316511116767,0.16800000000000004,False,False,switcher,,,,-0.010891042033674117
178861,2018-12-11 10:29:00+00:00,Right,Right,16,22,0.87986165,0.8845427,-0.004681051,0.3436357797512922,0.3936238290404148,-0.049988049289122594,0.0030904432935720434,0.0015161958717767948,0.00888729156042406,0.010973431299241408,-0.0015742474217952487,0.0020861397388173483,0.09700000000000009,False,False,switcher,,,,0.003660387160612597
178868,2016-03-10 12:31:00+00:00,Left,Center,43,25,0.8841409,0.89404494,-0.009904027,0.7564875711256716,0.7345034964950914,0.021984074630580164,0.015367917956132956,0.019479656754603215,0.005152225718458572,0.004439965937044187,0.004111738798470259,-0.0007122597814143853,0.554,True,True,switcher,0.8823415040969849,0.892005980014801,0.009664475917816162,-0.004823998579884644
178868,2017-05-24 19:23:00+00:00,Center,Left,32,52,0.8849959,0.8792447,0.0057511926,0.22996710663336026,0.1981187366220754,0.03184837001128485,0.008635243363920622,0.015119000681392717,0.011204397929660733,0.008635479828018228,0.006483757317472095,-0.002568918101642505,0.448,False,True,switcher,0.8848528861999512,0.881044328212738,-0.0038085579872131348,-0.0090526754191146
178869,2018-04-06 12:08:00+00:00,Center,Center,99,41,0.8430207,0.86930835,-0.026287675,0.3077066798133335,0.31647719190285706,-0.008770512089523563,0.007669812710634172,0.007324514122491311,0.008573690220227342,0.009106661795049056,-0.00034529858814286076,0.0005329715748217147,0.159,False,False,switcher,,,,0.0008782701629645754
178870,2016-03-18 15:05:00+00:00,Center,Right,27,12,0.8345585,0.8400422,-0.005483687,0.461180217043112,0.2478671519093548,0.21331306513375722,0.0009438636911414165,0.0015290519877675841,0.013152501189734458,0.016181576561443704,0.0005851882966261676,0.003029075371709246,0.49500000000000005,True,True,switcher,0.831219494342804,0.8422190546989441,0.010999560356140137,0.0024438870750830783
178871,2018-04-10 14:47:00+00:00,Left,Right,153,59,0.85394645,0.8560605,-0.0021140575,0.5497209123972719,0.6271016978157002,-0.0773807854184283,0.008185317769373613,0.008435693712458902,0.013988656864127057,0.010732326309921533,0.0002503759430852893,-0.0032563305542055235,0.9410000000000001,True,True,switcher,0.8529232144355774,0.8546220660209656,0.0016988515853881836,-0.0035067064972908128
178871,2018-12-11 10:29:00+00:00,Right,Right,76,54,0.8563155,0.8575745,-0.0012590289,0.12967904009258738,0.15541767124021993,-0.025738631147632557,0.008572752772353795,0.01066038840697117,0.011583982245868043,0.014631979602009293,0.002087635634617375,0.0030479973561412504,0.09700000000000009,False,False,switcher,,,,0.0009603617215238752
178872,2018-03-27 18:45:00+00:00,Left,Left,34,62,0.86908,0.8555599,0.013520122,0.7645553749905118,0.8804795948892942,-0.11592421989878232,0.012480805978210907,0.03803645621235799,0.007085449124325695,0.004093182370155343,0.025555650234147083,-0.0029922667541703524,0.20999999999999996,False,False,switcher,,,,-0.028547916988317434
178881,2019-09-04 18:54:00+00:00,Right,Right,20,50,0.8653225,0.8349861,0.03033638,0.35256436834737725,0.7232035511448841,-0.37063918279750685,0.0017857142857142857,0.016345772516559675,0.02305214658881161,0.0280049162338796,0.014560058230845389,0.004952769645067991,0.272,True,False,switcher,,,,-0.009607288585777397
178883,2015-10-05 16:24:00+00:00,Left,Left,83,30,0.8883588,0.864565,0.023793757,0.4893637113959084,0.34933014547385693,0.14003356592205146,0.007045730889522115,0.007562418635315536,0.006194638306923804,0.0004568135497926769,0.000516687745793421,-0.005737824757131127,0.14800000000000008,False,False,switcher,,,,-0.006254512502924548
178883,2016-04-04 17:39:00+00:00,Left,Left,68,36,0.88953984,0.8648382,0.024701655,0.4680136293603883,0.39340465152720366,0.07460897783318465,0.00791433282023064,0.004169154058261439,0.004248883773340724,0.0031744534574189355,-0.0037451787619692013,-0.0010744303159217886,0.14800000000000008,True,False,switcher,,,,0.0026707484460474127
178887,2022-03-31 14:34:00+00:00,Left,Left,78,70,0.88041216,0.9026549,-0.022242725,0.7459316779778101,0.6345671989835452,0.11136447899426494,0.023381941190405018,0.012379283451658072,0.006057580631450014,0.00524361051165637,-0.011002657738746946,-0.0008139701197936436,0.20999999999999996,True,False,switcher,,,,0.010188687618953304
178888,2015-11-18 19:20:00+00:00,Left,,44,17,0.8571511,0.8484911,0.008660018,0.3306980922411462,0.2789121903925624,0.05178590184858384,0.0006842240921021335,0.0007736888402282878,0.01688595767592254,0.003555972598244319,8.946474812615427e-05,-0.01332998507767822,,False,True,switcher,,,,-0.013419449825804374
178898,2018-04-04 17:07:00+00:00,Left,Right,26,16,0.8330093,0.85032535,-0.017316043,0.4606412710008166,0.44232270363078946,0.018318567370027128,0.001418690097935381,0.0,0.014758073428483497,0.004536875725900116,,-0.010221197702583382,0.853,True,True,switcher,0.834187388420105,0.8512994647026062,0.01711207628250122,-0.010221197702583382
178905,2017-11-08 10:06:00+00:00,Left,,20,11,0.84014875,0.85578537,-0.015636623,0.5723665915715448,0.5704394003342436,0.001927191237301229,0.0027849715942852116,0.002089864158829676,0.016480036946207734,0.021404683327852825,-0.0006951074354555357,0.004924646381645092,,False,True,switcher,,,,0.0056197538171006275
178916,2018-04-03 16:14:00+00:00,Center,Left,70,61,0.86290073,0.85799026,0.004910469,0.294892024146112,0.299347009588706,-0.004454985442594039,0.008301929716355471,0.0078166126500125,0.0065060004555380765,0.024625224088861836,-0.0004853170663429718,0.01811922363332376,0.5479999999999999,False,True,switcher,0.8648418188095093,0.859778642654419,-0.005063176155090332,0.01860454069966673
178916,2019-04-05 00:00:00+00:00,Left,Center,63,104,0.8569375,0.85421765,0.0027198792,0.4841125376150247,0.5657213874066929,-0.08160884979166816,0.008035319624708647,0.006746364016697099,0.02530238784327705,0.020917461935817665,-0.0012889556080115478,-0.004384925907459387,0.27799999999999997,True,True,switcher,0.8552678227424622,0.8527587652206421,-0.0025090575218200684,-0.003095970299447839
178927,2015-09-30 16:08:00+00:00,Left,Left,50,118,0.8701754,0.85338974,0.016785681,0.6353922237010957,0.49149061898185964,0.14390160471923608,0.02316905649134905,0.0017971533331702823,0.009235724172484515,0.011178771404647233,-0.021371903158178766,0.0019430472321627177,0.18899999999999995,True,False,switcher,,,,0.023314950390341482
178927,2018-03-06 17:03:00+00:00,Left,Left,135,80,0.8539363,0.87125224,-0.017315924,0.5744334768790911,0.5442390224824243,0.030194454396666792,0.004683557233026491,0.003508951979263206,0.011050610973890972,0.012730398937459095,-0.0011746052537632851,0.0016797879635681232,0.12700000000000006,True,False,switcher,,,,0.0028543932173314083
178927,2022-04-06 13:11:00+00:00,Left,Left,21,48,0.86818725,0.8556662,0.0125210285,0.51319236968518,0.520889405350368,-0.007697035665187979,0.005509342674741003,0.0054505995483102405,0.013786750595278487,0.03174707513682884,-5.874312643076255e-05,0.017960324541550353,0.16099999999999998,True,False,switcher,,,,0.018019067667981115
178929,2022-03-03 15:35:00+00:00,Right,Right,20,11,0.87861794,0.8677204,0.010897517,0.2838040859875287,0.4547640625874184,-0.1709599765998897,0.00656471764117941,0.005616267201633055,0.024435362337672198,0.04117407159060627,-0.000948450439546355,0.016738709252934074,0.15599999999999997,True,False,switcher,,,,0.017687159692480428
178938,2015-05-19 22:40:00+00:00,Left,,39,10,0.8588205,0.81313336,0.04568714,0.43349729666187986,0.2731366465431971,0.16036065011868278,0.0007490539405433023,0.0,0.009642500561508996,0.012136510502943646,,0.002494009941434651,,False,True,switcher,,,,0.002494009941434651
178945,2019-08-16 16:25:00+00:00,Right,Right,13,24,0.8779306,0.87268114,0.0052494407,0.4915865654189139,0.2923481801090488,0.1992383853098651,0.00578004408085396,0.0030284869516733165,0.07393483846448091,0.054024754128586934,-0.002751557129180643,-0.01991008433589398,0.0,False,False,switcher,,,,-0.017158527206713337
178946,2018-04-06 16:30:00+00:00,Center,Right,66,15,0.8620331,0.8736235,-0.011590362,0.2626018498960464,0.19555842848863134,0.06704342140741507,0.0013904424016787473,0.002023226223310833,0.009164187283750928,0.015202603372831322,0.0006327838216320855,0.006038416089080394,0.246,True,True,switcher,0.8642000555992126,0.8769689798355103,0.012768924236297607,0.005405632267448308
178946,2019-05-22 17:05:00+00:00,Right,Right,17,54,0.87862784,0.8793555,-0.0007276535,0.29830772328143623,0.3539506481237357,-0.05564292484229949,0.0045863200569829475,0.003281634401664809,0.013339798487729024,0.015430668596419424,-0.0013046856553181386,0.0020908701086904003,0.009000000000000008,True,False,switcher,,,,0.003395555764008539
178947,2016-03-22 17:08:00+00:00,Right,Right,53,75,0.841191,0.8679801,-0.026789129,0.33188925962174926,0.3696955828093011,-0.03780632318755184,0.004152517913783989,0.0047845051661127925,0.017536018640108626,0.025481802998478353,0.0006319872523288033,0.007945784358369727,0.29300000000000004,True,False,switcher,,,,0.007313797106040924
178951,2015-12-01 11:13:00+00:00,Center,,22,10,0.84436727,0.88526344,-0.040896177,0.364351905859597,0.34378938001527387,0.02056252584432311,0.0013612190699705754,0.005312365698724451,0.021878253232585906,0.01032463254802298,0.003951146628753875,-0.011553620684562926,,False,True,switcher,,,,-0.015504767313316802
178953,2016-03-15 19:25:00+00:00,Center,Right,21,12,0.8419697,0.84350353,-0.0015338063,0.1896520523971723,0.16505481327815943,0.024597239119012876,0.007177095847046586,0.004160230662304409,0.04958951086693609,0.025248382553483707,-0.003016865184742177,-0.024341128313452382,0.22,True,True,switcher,0.8476763367652893,0.8510146141052246,0.0033382773399353027,-0.021324263128710205
178965,2015-10-01 10:53:00+00:00,Left,Left,38,14,0.8372896,0.8155915,0.021698058,0.5498274013974324,0.6044752329054949,-0.05464783150806252,0.0034327446738956547,0.0033374151575651205,0.006421521190951901,0.005774886913209913,-9.532951633053422e-05,-0.0006466342777419884,0.18899999999999995,True,False,switcher,,,,-0.0005513047614114541
178972,2019-04-05 00:00:00+00:00,Left,Center,46,10,0.7942153,0.8472999,-0.053084552,0.4069342451042447,0.45956083436654166,-0.05262658926229696,0.0001858045336306206,0.0012987012987012987,0.051852638006562556,0.04370760818129239,0.0011128967650706782,-0.008145029825270163,0.27799999999999997,True,True,switcher,0.7931584715843201,0.8453275561332703,0.052169084548950195,-0.009257926590340842
178978,2018-03-21 10:56:00+00:00,Left,Right,51,32,0.8726046,0.868775,0.0038295984,0.46150467270244927,0.45994108889216373,0.0015635838102855404,0.002059610442974622,0.004244308632326214,0.013238382255868484,0.00736725018717264,0.0021846981893515922,-0.005871132068695844,0.9690000000000001,True,True,switcher,0.8711010813713074,0.8692674040794373,-0.0018336772918701172,-0.008055830258047438
178981,2018-04-11 11:24:00+00:00,Right,Center,48,13,0.8307325,0.8399102,-0.009177685,0.5030273731899665,0.5720036328884832,-0.06897625969851673,0.0025495337995337995,0.005196886446886447,0.046123484953681904,0.03305434772196264,0.002647352647352647,-0.013069137231719263,0.194,False,True,switcher,0.8261281847953796,0.8361674547195435,0.010039269924163818,-0.01571648987907191
178981,2018-05-21 11:16:00+00:00,Center,Center,38,14,0.81657356,0.8336278,-0.01705426,0.22218702730589812,0.16692334705471187,0.05526368025118625,0.0020242914979757085,0.004825680272108843,0.04087277089968295,0.030693322884679596,0.0028013887741331345,-0.010179448015003353,0.0,False,False,switcher,,,,-0.012980836789136488
178983,2019-05-22 17:05:00+00:00,Right,Right,30,71,0.8732423,0.87926376,-0.00602144,0.312374146989967,0.32411792513425486,-0.011743778144287842,0.0014653807168344957,0.002388709814266048,0.013869466569041918,0.014613093188601605,0.0009233290974315523,0.0007436266195596872,0.009000000000000008,True,False,switcher,,,,-0.00017970247787186503
178993,2018-04-06 11:28:00+00:00,Right,Right,91,39,0.858995,0.8526656,0.006329417,0.4804367034346296,0.3286644657410094,0.1517722376936202,0.0029904562332479846,0.004528016394532232,0.006119837274072423,0.005219074730499629,0.0015375601612842471,-0.0009007625435727938,0.397,True,False,switcher,,,,-0.002438322704857041
178997,2016-03-21 16:39:00+00:00,Left,Center,18,27,0.8571587,0.86752516,-0.01036644,0.4119742823665436,0.43815900406161506,-0.026184721695071467,0.0028114909523144654,0.004095694202485762,0.010906694426422645,0.0013148741962301284,0.0012842032501712967,-0.009591820230192517,0.586,True,True,switcher,0.8555086255073547,0.8678191900253296,0.012310564517974854,-0.010876023480363813
178997,2018-05-21 11:16:00+00:00,Center,Center,40,10,0.8777504,0.89559364,-0.017843246,0.3829742537996531,0.2684530786404421,0.11452117515921101,0.0016115900383141765,0.0028450014405070586,0.008821918715189836,0.01250472119002628,0.001233411402192882,0.0036828024748364434,0.0,False,False,switcher,,,,0.0024493910726435613
178998,2016-03-21 19:11:00+00:00,Right,Right,97,54,0.859783,0.87288105,-0.013098061,0.27073867098244303,0.3102127133617201,-0.0394740423792771,0.002539876167224715,0.004292908757358999,0.009523768297815637,0.009686085317732983,0.0017530325901342842,0.00016231701991734591,0.16800000000000004,False,False,switcher,,,,-0.0015907155702169383
186775,2015-11-18 12:48:00+00:00,Right,,11,10,0.8747394,0.838099,0.036640406,0.4605576623667104,0.35671167754629046,0.10384598482041996,0.001277190718184507,0.0,0.016649571876296135,0.008864954147973015,,-0.0077846177283231194,,False,True,switcher,,,,-0.0077846177283231194
187008,2017-06-29 15:54:00+00:00,Right,Right,19,58,0.8774953,0.82069016,0.056805134,0.2025427416878057,0.21300144049091504,-0.010458698803109345,0.03155160225372105,0.024533988706438838,0.008210718127730917,0.009442926575807501,-0.0070176135472822115,0.0012322084480765848,0.15599999999999997,False,False,switcher,,,,0.008249821995358796
195143,2018-03-13 18:17:00+00:00,Center,Center,53,23,0.8586545,0.85038286,0.008271635,0.33848949070427725,0.289530879202524,0.048958611501753235,0.0017784809090419542,0.0023106047607608982,0.011685589314312381,0.01911042211276223,0.0005321238517189441,0.007424832798449847,0.159,False,False,switcher,,,,0.006892708946730903
200153,2018-05-21 11:16:00+00:00,Center,Center,21,10,0.88516325,0.8992208,-0.014057577,0.16242889284886763,0.23599842535619892,-0.07356953250733128,0.002773318344504374,0.003497642204538756,0.013940758147954715,0.0025354016935885577,0.0007243238600343821,-0.011405356454366158,0.0,False,False,switcher,,,,-0.01212968031440054
204353,2019-08-16 16:25:00+00:00,Right,Right,10,13,0.8677904,0.84523976,0.022550642,0.16159863549115677,0.18962465714642313,-0.028026021655266353,0.0024096949279431034,0.0,0.019227692267005183,0.04941090099611496,,0.03018320872910978,0.0,False,False,switcher,,,,0.03018320872910978
204355,2019-04-05 00:00:00+00:00,Left,Center,17,57,0.83347446,0.8600466,-0.026572168,0.46644317064652213,0.5370671345318339,-0.07062396388531172,0.011063558909006885,0.005719638137458541,0.02556780148293533,0.020383097859432372,-0.005343920771548344,-0.00518470362350296,0.27799999999999997,True,True,switcher,0.8334604501724243,0.8579230904579163,0.024462640285491943,0.0001592171480453838
204364,2022-04-13 12:19:00+00:00,Center,Right,148,49,0.8770628,0.8773082,-0.00024539232,0.2213844566886582,0.2485719822589091,-0.02718752557025092,0.003651299560649361,0.004822603209227158,0.0206427723231423,0.03263419719436033,0.0011713036485777972,0.011991424871218029,0.281,True,True,switcher,0.8795625567436218,0.8796204328536987,5.78761100769043e-05,0.010820121222640231
204369,2022-02-23 00:00:00+00:00,Right,,17,10,0.8501537,0.8690938,-0.018940091,0.4751337195714158,0.34653806054533365,0.12859565902608217,0.009495986802802503,0.004493264321793432,0.015861816392478332,0.01574809002740215,-0.005002722481009071,-0.00011372636507618258,,False,True,switcher,,,,0.004888996115932889
204373,2022-03-30 17:56:00+00:00,Right,Right,12,17,0.86083055,0.8585725,0.0022580624,0.2254585425755813,0.30370783174874727,-0.07824928917316598,0.003981723710810631,0.005746377302039439,0.021388281183175956,0.007198007036083802,0.0017646535912288078,-0.014190274147092154,0.025999999999999968,False,False,switcher,,,,-0.01595492773832096
204374,2022-02-23 00:00:00+00:00,Right,,35,89,0.86644626,0.86566335,0.000782907,0.41263370891468026,0.3530612452058382,0.05957246370884206,0.008349047065469514,0.006080649727193892,0.01944875160710465,0.019682138274478875,-0.002268397338275621,0.00023338666737422395,,False,True,switcher,,,,0.002501784005649845
204377,2019-04-05 00:00:00+00:00,Left,Center,12,13,0.77605087,0.8530377,-0.07698685,0.4377084546518993,0.5031559624722465,-0.0654475078203472,0.005555555555555556,0.004595241092786102,0.0488314978276412,0.025425509214678628,-0.0009603144627694541,-0.023405988612962572,0.27799999999999997,True,True,switcher,0.7722325325012207,0.8501754999160767,0.07794296741485596,-0.022445674150193117
204378,2022-02-23 00:00:00+00:00,Right,,46,43,0.8651526,0.8537623,0.011390269,0.5667475990340968,0.533003650267606,0.03374394876649078,0.008822019427568363,0.009335654555698472,0.07944942561295469,0.06119069485085969,0.0005136351281301091,-0.018258730762095,,False,True,switcher,,,,-0.018772365890225108
204381,2022-02-23 00:00:00+00:00,Right,,56,31,0.8839429,0.88898766,-0.0050447583,0.5532454481946674,0.47175613926684606,0.0814893089278213,0.0023425514524806146,0.003117700414460602,0.032264121355816806,0.03188658444266997,0.0007751489619799872,-0.0003775369131468337,,False,True,switcher,,,,-0.001152685875126821
204383,2022-04-22 16:06:00+00:00,Left,Left,64,31,0.8838191,0.8540343,0.029784799,0.6120573516934353,0.5766399513510136,0.03541740034242169,0.014719465244458062,0.0026327274642075215,0.015023007060047926,0.036305491268660554,-0.012086737780250541,0.021282484208612628,0.16099999999999998,False,False,switcher,,,,0.03336922198886317
204388,2022-02-23 00:00:00+00:00,Right,,232,68,0.8748557,0.85833436,0.016521335,0.46892664321940675,0.37024968968384203,0.09867695353556472,0.015863266615146514,0.020468870917761273,0.011957815591221893,0.013947418949486595,0.004605604302614759,0.001989603358264702,,False,True,switcher,,,,-0.0026160009443500568
204391,2022-04-11 15:09:00+00:00,Right,Right,114,37,0.8586518,0.85765547,0.0009963512,0.27372557163676275,0.299552691574104,-0.02582711993734127,0.008950098792624952,0.005144488364059575,0.02267656989167509,0.020034018499315964,-0.003805610428565377,-0.0026425513923591243,0.30799999999999994,True,False,switcher,,,,0.0011630590362062525
204400,2022-02-23 00:00:00+00:00,Right,,31,21,0.88445294,0.8799322,0.0045207143,0.534198877670868,0.549588531591069,-0.015389653920200974,0.00550179499820234,0.004814452461180368,0.019526654425624512,0.0231563036392249,-0.0006873425370219725,0.003629649213600386,,False,True,switcher,,,,0.004316991750622359
204411,2022-02-23 00:00:00+00:00,Right,,10,25,0.88045436,0.87041914,0.010035217,0.39829929813648723,0.39746757157841556,0.0008317265580716771,0.0,0.00906564836521801,0.019378073677092413,0.0118681372550482,,-0.007509936422044212,,False,True,switcher,,,,-0.007509936422044212
204414,2019-08-16 16:25:00+00:00,Right,Right,14,22,0.84869194,0.83019257,0.018499374,0.32966084862070905,0.36595554227275,-0.036294693652040966,0.007551732602639985,0.005454612921394208,0.0340175963423627,0.04232889582399783,-0.0020971196812457774,0.008311299481635129,0.0,False,False,switcher,,,,0.010408419162880905
204441,2022-04-05 17:54:00+00:00,Right,Right,178,107,0.86089396,0.86994004,-0.009046078,0.31298781437753637,0.27039820865364317,0.0425896057238932,0.0218316090196838,0.020406657085483816,0.024171672678160144,0.019971314916756598,-0.0014249519341999854,-0.004200357761403546,0.15600000000000003,False,False,switcher,,,,-0.0027754058272035607
204455,2022-02-23 00:00:00+00:00,Right,,107,187,0.8873843,0.87957275,0.0078115463,0.3375505778175121,0.2965072227148573,0.04104335510265478,0.009043147764388715,0.011201956704079825,0.009879929879546192,0.010741163130872512,0.0021588089396911096,0.0008612332513263203,,False,True,switcher,,,,-0.0012975756883647892
204460,2022-02-23 00:00:00+00:00,Right,,75,28,0.87683237,0.8814973,-0.0046649575,0.28736670020974514,0.34605593070249213,-0.05868923049274699,0.016524025820972916,0.023705971855628498,0.00893419696892788,0.008115499020339551,0.007181946034655582,-0.0008186979485883296,,False,True,switcher,,,,-0.008000643983243912
204466,2022-04-06 12:17:00+00:00,Center,Right,19,13,0.8457479,0.8548692,-0.009121299,0.18618765400395826,0.19187640065091344,-0.005688746646955178,0.0009615232006312919,0.002971711832471326,0.02559214997093306,0.004482217945086739,0.002010188631840034,-0.021109932025846323,0.258,True,True,switcher,0.8485755920410156,0.857897162437439,0.00932157039642334,-0.023120120657686358
204472,2022-03-17 15:19:00+00:00,Right,Right,12,45,0.8770432,0.8700236,0.0070195794,0.24240382596831253,0.30281494668989034,-0.06041112072157781,0.014356859684859585,0.007934053569122116,0.010272637096708623,0.0038395000668047124,-0.00642280611573747,-0.006433137029903911,0.16499999999999998,True,False,switcher,,,,-1.0330914166441565e-05
204473,2022-02-23 00:00:00+00:00,Right,,60,50,0.90818626,0.88899565,0.01919061,0.3840813861966373,0.4051392941856838,-0.021057907989046498,0.008176245947081632,0.008189161724493998,0.005241000178087206,0.018671426788460295,1.291577741236588e-05,0.01343042661037309,,False,True,switcher,,,,0.013417510832960724
204481,2019-05-22 17:05:00+00:00,Right,Right,24,11,0.87901145,0.88479847,-0.005787015,0.32362125583611157,0.40724369573242813,-0.08362243989631657,0.005707586059011858,0.00762869456038549,0.005197042377472572,0.012751789585322417,0.0019211085013736322,0.007554747207849845,0.009000000000000008,True,False,switcher,,,,0.0056336387064762124
204514,2022-02-23 00:00:00+00:00,Right,,160,49,0.8870535,0.88272035,0.0043331385,0.34806052287833567,0.31814072841483226,0.029919794463503402,0.012787599548725154,0.017978538110344937,0.008033372676278624,0.008476596999242362,0.005190938561619783,0.0004432243229637381,,False,True,switcher,,,,-0.004747714238656045
204520,2022-02-23 00:00:00+00:00,Right,,18,17,0.8951896,0.9039857,-0.008796096,0.2710879031934625,0.3546655235551583,-0.0835776203616958,0.008359244112621088,0.007366033663577844,0.0028835143298744834,0.00918193258320478,-0.000993210449043244,0.006298418253330296,,False,True,switcher,,,,0.00729162870237354
204534,2021-09-28 19:32:00+00:00,Left,Left,21,15,0.8979198,0.8791459,0.018773854,0.47797523849417045,0.577378528161948,-0.09940328966777756,0.007385744444871588,0.012003637866301552,0.009716926450691499,0.00839374446969079,0.004617893421429964,-0.0013231819810007091,0.07500000000000001,False,False,switcher,,,,-0.0059410754024306735
204544,2019-08-21 11:25:00+00:00,Right,,146,82,0.8513637,0.8505692,0.0007945299,0.4296390794644211,0.2724693229591793,0.1571697565052418,0.016930377787634183,0.022460255368521625,0.00680750705570549,0.008096718008602394,0.005529877580887441,0.0012892109528969044,,False,True,switcher,,,,-0.004240666627990537
204545,2022-02-23 00:00:00+00:00,Right,,48,26,0.8985773,0.89067453,0.007902741,0.3328219917760807,0.32707813736092023,0.005743854415160454,0.015495209175389837,0.015644784394521275,0.007846737074244051,0.00661817244649829,0.0001495752191314377,-0.0012285646277457613,,False,True,switcher,,,,-0.001378139846877199
204546,2022-02-23 00:00:00+00:00,Right,,45,25,0.8812264,0.8714736,0.00975281,0.3631466697379864,0.41742175763539435,-0.054275087897407925,0.006352046575850977,0.005591642535220662,0.008119950436701476,0.014678249101547717,-0.0007604040406303152,0.006558298664846241,,False,True,switcher,,,,0.007318702705476556
204556,2019-05-22 17:05:00+00:00,Right,Right,23,113,0.87512994,0.86782664,0.0073032975,0.2695409129832435,0.3052348668844158,-0.035693953901172304,0.007332231458222298,0.005542662364429522,0.014057084621889064,0.011050953833040196,-0.0017895690937927752,-0.0030061307888488674,0.009000000000000008,True,False,switcher,,,,-0.0012165616950560922
204556,2022-02-25 00:00:00+00:00,Right,Right,116,58,0.87425715,0.8629424,0.01131475,0.25505263221939983,0.34326825530122446,-0.08821562308182462,0.0037770504921738465,0.007750644457615136,0.013415138770487021,0.010893931588174406,0.0039735939654412895,-0.0025212071823126157,0.034999999999999976,False,False,switcher,,,,-0.006494801147753905
204572,2019-08-16 16:25:00+00:00,Right,Right,59,77,0.8530752,0.85678446,-0.0037092566,0.46769825314372476,0.3793158811221221,0.08838237202160265,0.0037414323125788515,0.004037971666829093,0.009547433170307963,0.03028775373156097,0.00029653935425024173,0.020740320561253005,0.0,False,False,switcher,,,,0.020443781207002763
204572,2022-03-15 13:34:00+00:00,Right,Right,90,118,0.8490012,0.855944,-0.006942749,0.334138584539595,0.3727330434944899,-0.038594458954894884,0.010692490209201582,0.012767638730984764,0.020580327508515173,0.01272654313169782,0.0020751485217831815,-0.007853784376817354,0.009000000000000008,True,False,switcher,,,,-0.009928932898600536
204576,2019-08-16 16:25:00+00:00,Right,Right,11,29,0.857181,0.88323873,-0.02605772,0.3076275285023117,0.3616188397308829,-0.053991311228571204,0.0064944310904253505,0.0011529900876272468,0.004924190091017944,0.05381213891981138,-0.0053414410027981035,0.04888794882879344,0.0,False,False,switcher,,,,0.05422938983159154
213274,2022-04-06 10:35:00+00:00,Left,Right,55,22,0.8934262,0.8904442,0.0029819608,0.38987643674249906,0.31909559163833745,0.0707808451041616,0.001327097896393553,0.000693087079660138,0.025118091330021148,0.009378484397496672,-0.0006340108167334151,-0.015739606932524478,0.827,True,True,switcher,0.8947396874427795,0.8906503319740295,-0.00408935546875,-0.015105596115791063
4927,2007-04-23 00:00:00+00:00,Right,Right,15,131,0.8527052,0.8747966,-0.022091448,0.18642603220736914,0.2349061020387555,-0.04848006983138636,0.0028973350808213197,0.002099263734223523,0.001231236296171361,0.015200386345066427,-0.0007980713465977965,0.013969150048895065,0.02200000000000002,True,False,switcher,,,,0.014767221395492861
4930,2013-10-08 17:07:00+00:00,Right,Right,121,85,0.85411376,0.8271934,0.026920378,0.28998927210389547,0.26038100625756616,0.029608265846329307,0.0027805030708082583,0.005203316663226967,0.007556266578954397,0.005654156377183671,0.0024228135924187085,-0.0019021102017707263,0.265,True,False,switcher,,,,-0.004324923794189434
4930,2015-12-08 11:00:00+00:00,Right,Right,203,144,0.81814903,0.8411931,-0.02304405,0.24418836017605428,0.1881966947212074,0.05599166545484688,0.004027362681630778,0.007899937754143,0.006180116335913487,0.008749633318771509,0.0038725750725122224,0.0025695169828580215,0.16600000000000004,False,False,switcher,,,,-0.001303058089654201
4931,2012-10-16 12:01:00+00:00,Right,Center,271,367,0.87678975,0.86842585,0.008363903,0.20252865665990955,0.19967417201427168,0.002854484645637867,0.0019671545320145887,0.001847875483772464,0.007408650863400569,0.0049478795004226465,-0.00011927904824212462,-0.0024607713629779225,0.28400000000000003,False,True,switcher,0.8784198760986328,0.8678422570228577,-0.010577619075775146,-0.002341492314735798
62881,2018-04-11 16:40:00+00:00,Right,Center,15,41,0.8842733,0.888978,-0.004704714,0.207920968936604,0.20878845231789595,-0.0008674833812919447,0.001092896174863388,0.004255731348756649,0.013227547849263265,0.005870040867622791,0.003162835173893261,-0.0073575069816404735,0.525,False,True,switcher,0.8837783932685852,0.8886982798576355,0.004919886589050293,-0.010520342155533734
64960,2003-09-17 17:49:00+00:00,Center,Left,20,29,0.88913095,0.89235866,-0.0032277107,0.3201805289243255,0.22534132491694225,0.09483920400738327,0.007533328164600774,0.008584863378556653,0.012365739436564408,0.012700885002790664,0.0010515352139558792,0.00033514556622625535,0.55,False,True,switcher,0.8910382390022278,0.8952965140342712,0.004258275032043457,-0.0007163896477296238
64960,2005-10-06 16:56:00+00:00,Left,Left,43,19,0.8934873,0.88331366,0.010173619,0.45890090120751126,0.5053007725381934,-0.04639987133068213,0.0026607428448449403,0.006764421531148739,0.013610409363667085,0.015520555239129648,0.004103678686303799,0.0019101458754625638,0.138,False,False,switcher,,,,-0.002193532810841235
65551,2003-09-11 17:57:00+00:00,Left,Right,40,65,0.8902813,0.8929709,-0.0026896,0.6401121175089353,0.5104193276940102,0.12969278981492505,0.01343417476065167,0.011721148127396346,0.011268485325242618,0.007886779427927532,-0.0017130266332553244,-0.0033817058973150856,1.279,True,True,switcher,0.8884649276733398,0.8900548815727234,0.001589953899383545,-0.0016686792640597612
65551,2005-10-10 16:00:00+00:00,Right,Left,64,39,0.89615405,0.89363253,0.002521515,0.168101891889953,0.1294215821347907,0.03868030975516229,0.010560603485077156,0.01295821577719011,0.006477947110444515,0.005359391333238604,0.002397612292112954,-0.001118555777205911,1.0270000000000001,False,True,switcher,0.8990403413772583,0.897659957408905,-0.0013803839683532715,-0.003516168069318865
66828,2016-03-17 13:12:00+00:00,Right,Right,19,11,0.8474526,0.8837048,-0.0362522,0.2973105195932983,0.30390812017833735,-0.006597600585039054,0.0008593054006467589,0.002788622420524261,0.0026649636467954677,0.007630704365750215,0.001929317019877502,0.004965740718954748,0.24900000000000005,True,False,switcher,,,,0.0030364236990772456
67138,2018-12-11 10:29:00+00:00,Right,Right,47,62,0.87446856,0.86747396,0.006994605,0.12020088001534585,0.1646218287562251,-0.04442094874087926,0.015000518042629996,0.009383901089474653,0.004336595805450615,0.006753311918242295,-0.0056166169531553425,0.0024167161127916807,0.09700000000000009,False,False,switcher,,,,0.008033333065947022
68731,2013-10-02 17:04:00+00:00,Right,Center,46,22,0.879484,0.885145,-0.0056610107,0.42792336499969297,0.38518339801781454,0.04273996698187843,0.0009150898973727642,0.0035690389201474613,0.01882414610489285,0.01871594842032616,0.002653949022774697,-0.00010819768456669238,0.272,False,True,switcher,0.8792974948883057,0.8846352100372314,0.005337715148925781,-0.0027621467073413895
69871,2022-04-05 12:29:00+00:00,Right,Left,20,91,0.84851915,0.8142484,0.034270763,0.23402183378377378,0.23430906010082908,-0.0002872263170553002,0.003497322623828648,0.022647745058020453,0.027786384465601333,0.05145044805461846,0.019150422434191804,0.023664063589017126,0.536,False,True,switcher,0.8471078872680664,0.8115465044975281,-0.03556138277053833,0.0045136411548253215
72912,2018-03-09 11:55:00+00:00,Center,,100,72,0.8627093,0.8501723,0.012537003,0.21350136523731603,0.21324377058708416,0.00025759465023186823,0.005374939362019073,0.007259730258492953,0.01660122779573195,0.011822787535848672,0.0018847908964738803,-0.0047784402598832765,,False,True,switcher,,,,-0.006663231156357157
73416,2003-08-25 17:42:00+00:00,Left,Center,59,111,0.88611066,0.8871998,-0.0010891557,0.425834385764573,0.3232074478512868,0.1026269379132862,0.0029519105779434165,0.003483007714809126,0.008044362615263253,0.01150128248425711,0.0005310971368657096,0.003456919868993857,0.782,True,True,switcher,0.8873250484466553,0.8866683840751648,-0.0006566643714904785,0.0029258227321281474
73424,2003-06-02 00:00:00+00:00,Right,Right,34,111,0.8914095,0.89389974,-0.0024902225,0.3184153649544658,0.28030227992178536,0.03811308503268046,0.004330491218609783,0.005813469421282882,0.030539950469952882,0.026244398763421477,0.001482978202673099,-0.0042955517065314044,0.11499999999999999,False,False,switcher,,,,-0.0057785299092045035
73434,2018-04-03 18:44:00+00:00,Right,Right,111,24,0.83545184,0.8431671,-0.007715285,0.27424811979505737,0.25930878448386613,0.014939335311191237,0.002031212828275064,0.00444898249261798,0.008859583291355593,0.0032086441421676176,0.002417769664342916,-0.005650939149187975,0.398,True,False,switcher,,,,-0.008068708813530891
73437,2018-04-09 16:00:00+00:00,Right,Center,21,32,0.8377287,0.8740592,-0.03633052,0.28371820277281656,0.22113166887044566,0.0625865339023709,0.006039760632039222,0.009163494279497766,0.01985106328856329,0.007307226608617187,0.0031237336474585443,-0.012543836679946102,0.246,False,True,switcher,0.8316801190376282,0.8723399639129639,0.04065984487533569,-0.015667570327404647
73437,2018-05-21 11:16:00+00:00,Center,Center,29,24,0.8481004,0.8660521,-0.017951667,0.24184556458422013,0.29686546210215775,-0.05501989751793762,0.008075731485330504,0.0077446073809236465,0.018059840245479238,0.005290342225695053,-0.00033112410440685764,-0.012769498019784185,0.0,False,False,switcher,,,,-0.012438373915377329
73441,2003-06-02 00:00:00+00:00,Right,Right,32,61,0.84218574,0.767109,0.07507676,0.38829089073423606,0.5947423302911283,-0.20645143955689227,0.003950971146846668,0.0022687446210636554,0.03528940422174223,0.07240486933580532,-0.0016822265257830124,0.03711546511406309,0.11499999999999999,False,False,switcher,,,,0.0387976916398461
73460,2004-10-06 14:50:00+00:00,Center,,22,11,0.85198057,0.8551697,-0.0031891465,0.4992265172800229,0.3633396815832224,0.1358868356968005,0.0034419636426616636,6.966213862765588e-05,0.0032033977325025705,0.0030267749892547904,-0.0033723015040340075,-0.00017662274324778014,,False,True,switcher,,,,0.0031956787607862274
73466,2019-04-05 00:00:00+00:00,Left,Center,25,23,0.87260306,0.8688776,0.003725469,0.37846969637535693,0.4636455196353266,-0.08517582325996964,0.0036792149083198413,0.00627395378948174,0.018465382167588272,0.004676340333272469,0.0025947388811618987,-0.013789041834315802,0.27799999999999997,True,True,switcher,0.8730114698410034,0.8681920766830444,-0.004819393157958984,-0.016383780715477702
73472,2007-04-23 00:00:00+00:00,Right,Right,12,11,0.8898476,0.8722931,0.017554462,0.13492249701008877,0.184501500653095,-0.04957900364300624,0.001915760625517269,0.00705020143566489,0.011846245667175537,0.006814414060095886,0.005134440810147621,-0.005031831607079651,0.02200000000000002,True,False,switcher,,,,-0.010166272417227272
73472,2007-08-21 18:32:00+00:00,Right,Center,15,10,0.8759982,0.87292325,0.003074944,0.17426149136692742,0.2042719708755954,-0.030010479508667975,0.005783174539410959,0.00041666666666666664,0.005199528639388137,0.010159756788522495,-0.005366507872744292,0.004960228149134357,0.525,False,True,switcher,0.8757947087287903,0.8763828277587891,0.0005881190299987793,0.01032673602187865
73483,2003-06-02 00:00:00+00:00,Right,Right,23,59,0.8711851,0.8778049,-0.0066197515,0.16664568741524785,0.2706039071622692,-0.10395821974702132,0.011931583275554682,0.011314520055611406,0.01362764070471575,0.020389361076324688,-0.0006170632199432764,0.006761720371608939,0.11499999999999999,False,False,switcher,,,,0.007378783591552215
73507,2003-10-13 17:28:00+00:00,Center,Center,29,22,0.87927324,0.8949093,-0.015636086,0.36346083913025634,0.39756319316721084,-0.034102354036954496,0.007876826163027494,0.005042507534200125,0.009383214731398847,0.004766443011979771,-0.0028343186288273692,-0.004616771719419076,0.027999999999999997,False,False,switcher,,,,-0.0017824530905917067
73531,2005-10-04 15:24:00+00:00,Left,Left,62,115,0.89875597,0.8896752,0.009080768,0.7654438570837706,0.7230890694176656,0.04235478766610501,0.019856948553012586,0.013120137089138069,0.0047234415840489204,0.005876727282897369,-0.0067368114638745175,0.0011532856988484483,0.10499999999999998,False,False,switcher,,,,0.007890097162722966
73542,2003-10-07 17:23:00+00:00,Center,Right,17,52,0.8851765,0.88293105,0.0022454262,0.33238445373369985,0.3436152829551863,-0.011230829221486438,0.006249560969679927,0.002825532082498916,0.0030416135077722573,0.009173546752377535,-0.003424028887181011,0.006131933244605278,0.566,True,True,switcher,0.8841136693954468,0.882461428642273,-0.0016522407531738281,0.009555962131786288
73542,2007-04-23 00:00:00+00:00,Right,Right,21,52,0.87628186,0.87361485,0.0026670098,0.23488734561660968,0.16268934588468895,0.07219799973192073,0.006376964081919408,0.0009561703498683321,0.007273056360836904,0.0055802245818761705,-0.005420793732051075,-0.0016928317789607333,0.02200000000000002,True,False,switcher,,,,0.003727961953090342
73574,2004-02-10 18:45:00+00:00,Right,Right,64,25,0.8806459,0.8760817,0.004564166,0.23006806023775064,0.23357873410505167,-0.0035106738673010285,0.011807996577607324,0.019929821225079122,0.004344971513223693,0.015093142762090337,0.008121824647471798,0.010748171248866643,0.07200000000000006,True,False,switcher,,,,0.0026263466013948453
73579,2003-10-29 17:34:00+00:00,Center,,118,144,0.8663539,0.87130994,-0.004956007,0.3688264209310047,0.3057974195648597,0.06302900136614503,0.003211099222863761,0.004873536326210174,0.002763749696829881,0.005288963692534541,0.0016624371033464127,0.00252521399570466,,False,True,switcher,,,,0.0008627768923582472
73579,2005-03-22 15:17:00+00:00,Right,,138,76,0.87858635,0.8619699,0.016616464,0.25803741782681194,0.26428110456806214,-0.006243686741250198,0.004394630126209418,0.004395660116103246,0.003574938773135867,0.0035549991944679106,1.029989893827979e-06,-1.9939578667956502e-05,,False,True,switcher,,,,-2.096956856178448e-05
73586,2005-07-08 00:00:00+00:00,Left,Left,34,20,0.8853412,0.8903964,-0.005055189,0.5212598363335088,0.47387587479361504,0.04738396153989377,0.01439421407425381,0.0022181959178219036,0.009745681566522628,0.004972508071316446,-0.012176018156431906,-0.004773173495206182,0.23199999999999998,False,False,switcher,,,,0.007402844661225724
73586,2022-04-01 17:49:00+00:00,Left,Left,55,15,0.8674032,0.87905383,-0.011650622,0.5994040045975926,0.5053116811561487,0.09409232344144391,0.011396848227976372,0.0019801980198019802,0.013755787197702894,0.00953857052604535,-0.009416650208174391,-0.004217216671657545,0.16099999999999998,True,False,switcher,,,,0.005199433536516846
73603,2005-10-05 15:50:00+00:00,Left,Left,17,46,0.8706042,0.87797207,-0.0073678493,0.6802667857495532,0.6685397851975399,0.011727000552013367,0.010519958900970303,0.00977454239934759,0.004255888841640957,0.004414419065088223,-0.0007454165016227126,0.00015853022344726637,0.16499999999999992,False,False,switcher,,,,0.000903946725069979
73653,2007-01-25 00:00:00+00:00,Right,Right,38,34,0.8963272,0.88611865,0.010208547,0.23921646364324461,0.23042632083803438,0.008790142805210233,0.005892014214477685,0.0038919895406706855,0.011632086858592816,0.007065502642584387,-0.0020000246738069993,-0.004566584216008429,0.0030000000000000027,True,False,switcher,,,,-0.00256655954220143
73655,2013-10-01 16:18:00+00:00,Left,Center,67,51,0.89223003,0.8974379,-0.0052078366,0.5161905691346528,0.5692542800241422,-0.05306371088948947,0.008889939879453834,0.009767420536151112,0.008151703171189049,0.0037785168228396753,0.0008774806566972781,-0.004373186348349373,0.5599999999999999,True,True,switcher,0.8919640779495239,0.8970407247543335,0.00507664680480957,-0.005250667005046651
73663,2003-10-14 14:06:00+00:00,Center,Left,10,12,0.88084507,0.8872109,-0.0063658357,0.5141902088212118,0.5564380017069717,-0.04224779288575986,0.0037818969564937465,0.007803354663411877,0.0049579063906127025,0.003791798437540964,0.004021457706918131,-0.0011661079530717387,0.782,False,True,switcher,0.8777198791503906,0.8847808837890625,0.007061004638671875,-0.00518756565998987
73666,2003-08-07 17:36:00+00:00,Center,Right,15,29,0.8829378,0.8508818,0.032055974,0.338490082204433,0.436189798190656,-0.09769971598622301,0.0006456857870956646,0.0033780500954808538,0.012740490904168197,0.011504565062067906,0.002732364308385189,-0.001235925842100291,0.28,True,True,switcher,0.8801873326301575,0.8482046723365784,-0.0319826602935791,-0.00396829015048548
73676,2007-01-25 00:00:00+00:00,Right,Right,14,55,0.87563425,0.8584564,0.01717788,0.26210644686223333,0.19621478856125016,0.06589165830098317,0.002232142857142857,0.0038399480880925993,0.012165526213579874,0.00837557649964081,0.0016078052309497423,-0.003789949713939063,0.0030000000000000027,True,False,switcher,,,,-0.0053977549448888055
73676,2011-11-03 18:39:00+00:00,Right,Center,27,23,0.8833485,0.87341034,0.00993818,0.27856893522388443,0.18939823825127916,0.08917069697260527,0.002527933904999994,0.001182736402159401,0.011253107918780076,0.017097992219230355,-0.0013451975028405927,0.005844884300450279,0.371,False,True,switcher,0.884858250617981,0.873222291469574,-0.011635959148406982,0.007190081803290872
73682,2013-10-01 16:13:00+00:00,Left,Center,17,14,0.8786976,0.8477927,0.03090489,0.6544940715688943,0.6239486173689668,0.03054545419992749,0.012062180139945226,0.011535630513860836,0.006683196509578591,0.024272586945748634,-0.0005265496260843903,0.017589390436170044,0.506,True,True,switcher,0.88032466173172,0.8490978479385376,-0.031226813793182373,0.018115940062254435
73682,2014-04-24 00:00:00+00:00,Center,Center,13,11,0.8808186,0.8560066,0.024811983,0.2419609590059717,0.23806011592845752,0.0039008430775141767,0.0007468259895444361,0.015185084159491461,0.012092672265942746,0.027700020992020312,0.014438258169947026,0.015607348726077566,0.0,False,False,switcher,,,,0.0011690905561305403
73788,2018-12-11 10:29:00+00:00,Right,Right,17,23,0.8210283,0.84983087,-0.028802574,0.29303097107130904,0.270757399378464,0.02227357169284505,0.0,0.0006476901776981799,0.005868736383442266,0.01725244247238022,,0.011383706088937955,0.09700000000000009,False,False,switcher,,,,0.011383706088937955
73808,2011-10-26 12:55:00+00:00,Right,Right,10,12,0.8341962,0.89024067,-0.05604446,0.19685602050770964,0.49690035381338277,-0.30004433330567315,0.008052487941101803,0.004995963533212583,0.01527680611438748,0.015056126319760263,-0.0030565244078892195,-0.00022067979462721786,0.14200000000000002,False,False,switcher,,,,0.0028358446132620016
73825,2004-08-03 11:33:00+00:00,Right,Right,148,159,0.8815815,0.88014346,0.0014380217,0.2876142303068405,0.3050481881328262,-0.01743395782598567,0.0034745318525643124,0.002604901643125619,0.01015096530967453,0.00968904984763572,-0.0008696302094386935,-0.00046191546203881023,0.295,False,False,switcher,,,,0.0004077147473998833
73875,2009-10-13 19:34:00+00:00,Right,Right,39,13,0.8843691,0.8748805,0.009488583,0.15293511592289383,0.1541271845741434,-0.0011920686512495726,0.0024971295302058136,0.005254449343354442,0.007100302833910072,0.003711033366987669,0.002757319813148628,-0.0033892694669224034,0.24100000000000005,False,False,switcher,,,,-0.0061465892800710315
73883,2007-04-23 00:00:00+00:00,Right,Right,16,103,0.7864176,0.84781307,-0.061395466,0.33630040862166133,0.25007967009328413,0.0862207385283772,0.002172957251082251,0.0045664811538344,0.023157281655271644,0.03368598839087215,0.002393523902752149,0.010528706735600503,0.02200000000000002,True,False,switcher,,,,0.008135182832848354
73889,2003-06-02 00:00:00+00:00,Right,Right,16,38,0.8868106,0.8745895,0.012221098,0.32853910619570614,0.2773758744847414,0.05116323171096476,0.003735640025606964,0.0019080601739462435,0.022411927049282385,0.030591553309807673,-0.0018275798516607206,0.008179626260525288,0.11499999999999999,False,False,switcher,,,,0.010007206112186008
73891,2018-05-21 11:16:00+00:00,Center,Center,52,53,0.8448534,0.8290815,0.015771925,0.2860858920453938,0.24720933329148792,0.03887655875390589,0.003079919431952631,0.004644908860676883,0.007190041695218464,0.01012742842022645,0.0015649894287242515,0.002937386725007986,0.0,False,False,switcher,,,,0.0013723972962837346
73932,2003-06-02 00:00:00+00:00,Right,Right,22,37,0.89687514,0.8928072,0.0040679574,0.3441421306413176,0.27535017564000575,0.06879195500131186,0.006003376055110077,0.008550882475901113,0.01110270922381981,0.013431811330142082,0.0025475064207910363,0.0023291021063222717,0.11499999999999999,False,False,switcher,,,,-0.00021840431446876456
73933,2003-09-09 17:51:00+00:00,Right,Right,25,33,0.87835455,0.8961144,-0.01775986,0.33000874586862516,0.31590066538186085,0.014108080486764318,0.0032265824730472394,0.0065589242444487675,0.02441417136469741,0.014276210723205101,0.003332341771401528,-0.010137960641492309,0.08200000000000002,True,False,switcher,,,,-0.013470302412893837
73933,2005-02-02 16:02:00+00:00,Right,Center,35,46,0.89572537,0.8903853,0.0053400397,0.32945834562163817,0.2877571905051882,0.04170115511644995,0.0066740609254330495,0.004677333061393247,0.009960792942382177,0.009846972876046921,-0.0019967278640398026,-0.00011382006633525558,0.39,False,True,switcher,0.8980521559715271,0.8925792574882507,-0.005472898483276367,0.001882907797704547
73933,2005-02-28 11:13:00+00:00,Center,,34,48,0.89754415,0.89290065,0.0046435,0.30395976514446255,0.3266730235459196,-0.022713258401457048,0.006422461941006402,0.004482444183835195,0.010253757440687536,0.009436682339544967,-0.0019400177571712073,-0.0008170751011425687,,False,True,switcher,,,,0.0011229426560286386
73933,2005-03-09 00:00:00+00:00,Center,,35,48,0.89788514,0.89345187,0.0044332743,0.31458697530813046,0.3140772129676187,0.0005097623405117546,0.006455413244856436,0.004390405374691123,0.010610143591732827,0.009182495736674153,-0.002065007870165313,-0.0014276478550586738,,False,True,switcher,,,,0.000637360015106639
73933,2006-12-22 18:21:00+00:00,Right,Center,27,32,0.90155905,0.89498234,0.006576717,0.21224084414308522,0.21730851040927301,-0.0050676662661877925,0.007502900363317688,0.00647400847868947,0.010359346374116278,0.012036175687727219,-0.0010288918846282184,0.0016768293136109405,0.42500000000000004,False,True,switcher,0.9033643007278442,0.8961173295974731,-0.007246971130371094,0.002705721198239159
73933,2009-08-25 19:00:00+00:00,Center,Right,23,15,0.8809175,0.888157,-0.0072395205,0.36731857239877147,0.32748040325023103,0.03983816914854044,0.007648634779989589,0.005703374545875945,0.03774843140951116,0.006200490496078156,-0.0019452602341136441,-0.031547940913433006,0.42500000000000004,True,True,switcher,0.8778497576713562,0.8882454037666321,0.010395646095275879,-0.029602680679319364
73934,2004-05-19 09:36:00+00:00,Right,Right,66,40,0.852413,0.87903005,-0.02661705,0.29851789094955444,0.2937571605375283,0.004760730412026126,0.0029579674801040565,0.0037145491035418324,0.007379135818937484,0.010713379999764783,0.0007565816234377759,0.0033342441808272994,0.36700000000000005,True,False,switcher,,,,0.0025776625573895235
73934,2007-09-27 14:38:00+00:00,Right,Right,84,56,0.8643395,0.8712115,-0.006872058,0.31962474227367144,0.3199184327656695,-0.0002936904919980665,0.0011761815025280054,0.002119148849647734,0.011010091138929727,0.01170551612420129,0.0009429673471197286,0.000695424985271564,0.24900000000000005,False,False,switcher,,,,-0.0002475423618481646
73934,2007-10-09 18:00:00+00:00,Right,Right,88,52,0.86501086,0.870604,-0.005593121,0.3209095684910832,0.3177667030509725,0.0031428654401107203,0.0011227187069585507,0.0022821602996206366,0.011406450257335955,0.01108824876884241,0.0011594415926620858,-0.0003182014884935448,0.24900000000000005,True,False,switcher,,,,-0.0014776430811556307
73934,2011-10-26 22:08:00+00:00,Right,Right,54,117,0.86180854,0.85901195,0.0027965903,0.29022655867626984,0.3287523371968964,-0.03852577852062655,0.0035669569963030228,0.0037625706066384515,0.008430853506692752,0.009552795693493528,0.00019561361033542876,0.0011219421868007753,0.30100000000000005,False,False,switcher,,,,0.0009263285764653465
73934,2017-10-31 17:23:00+00:00,Right,Center,11,11,0.8691355,0.8648665,0.004269004,0.3603480173912625,0.35834349412588795,0.002004523265374536,0.0,0.0021645021645021645,0.010342598577892695,0.010421949301406008,,7.935072351331236e-05,0.232,False,True,switcher,0.8652772903442383,0.8610140085220337,-0.00426328182220459,7.935072351331236e-05
73936,2005-02-14 10:06:00+00:00,Left,Center,24,19,0.8738058,0.8915088,-0.017702997,0.5750099624946632,0.5789902133101535,-0.00398025081549036,0.006510838346707283,0.0028178472393725787,0.008118608453021106,0.010125128242995537,-0.0036929911073347046,0.0020065197899744314,0.55,True,True,switcher,0.8743934631347656,0.8907840847969055,0.016390621662139893,0.005699510897309136
73936,2005-02-22 13:02:00+00:00,Center,,24,20,0.87439346,0.8905257,-0.016132236,0.2586559717684717,0.17999086357744618,0.07866510819102554,0.006510838346707283,0.0026769548774039495,0.008118608453021106,0.010682701618079804,-0.0038338834693033338,0.0025640931650586975,,False,True,switcher,,,,0.006397976634362031
73942,2005-02-15 00:58:00+00:00,Left,Right,17,11,0.88531196,0.88570344,-0.0003914833,0.5264486615968548,0.4476591431946545,0.07878951840220028,0.002940602841434309,0.0027766686687360803,0.010391024953640905,0.01038070780514875,-0.00016393417269822868,-1.0317148492155342e-05,0.821,True,True,switcher,0.8828349709510803,0.8837321996688843,0.0008972287178039551,0.00015361702420607333
73979,2005-02-14 21:38:00+00:00,Center,Right,26,26,0.90413135,0.9051673,-0.0010359287,0.37367569069625917,0.3786109606994739,-0.004935270003214753,0.008154101764208579,0.005853969413260671,0.019045754562195812,0.019539951587046193,-0.0023001323509479078,0.0004941970248503805,0.30800000000000005,True,True,switcher,0.900723397731781,0.9009272456169128,0.00020384788513183594,0.0027943293757982882
73979,2005-02-15 13:55:00+00:00,Right,Center,26,26,0.9007234,0.90092725,-0.00020384789,0.26798270407810443,0.32838735317763135,-0.06040464909952692,0.008154101764208579,0.005853969413260671,0.019045754562195812,0.019539951587046193,-0.0023001323509479078,0.0004941970248503805,0.30800000000000005,False,True,switcher,0.9041313529014587,0.905167281627655,0.001035928726196289,0.0027943293757982882
73979,2005-02-22 13:02:00+00:00,Center,,26,26,0.90413135,0.9051673,-0.0010359287,0.37367569069625917,0.3786109606994739,-0.004935270003214753,0.008154101764208579,0.005853969413260671,0.019045754562195812,0.019539951587046193,-0.0023001323509479078,0.0004941970248503805,,False,True,switcher,,,,0.0027943293757982882
73979,2005-10-03 13:52:00+00:00,Center,Right,24,11,0.90729,0.89957374,0.0077162385,0.3977978431403952,0.30486355313372476,0.09293429000667042,0.006062158139533512,0.001516491267312344,0.024047044598171464,0.020417438435044667,-0.004545666872221168,-0.0036296061631267973,0.259,True,True,switcher,0.903095543384552,0.8952016234397888,-0.007893919944763184,0.0009160607090943707
73981,2007-04-23 00:00:00+00:00,Right,Right,51,54,0.8938221,0.88538355,0.008438528,0.32958372665986685,0.30211686659761544,0.027466860062251408,0.002545370482286904,0.002850869220181313,0.017010567939658838,0.024654955830888208,0.00030549873789440917,0.007644387891229371,0.02200000000000002,True,False,switcher,,,,0.007338889153334961
73982,2007-01-25 00:00:00+00:00,Right,Right,49,61,0.83658403,0.8272789,0.0093051195,0.2738278962236006,0.23219379215973035,0.04163410406387025,0.003013911240587948,0.0011052638164900372,0.028688764512746268,0.024066782441595286,-0.001908647424097911,-0.004621982071150981,0.0030000000000000027,True,False,switcher,,,,-0.0027133346470530704
74010,2018-05-21 11:16:00+00:00,Center,Center,199,52,0.8368547,0.85980266,-0.022947967,0.42385700785801733,0.30438430925840354,0.11947269859961379,0.006597578578153187,0.0057337067412559835,0.012599829781602345,0.020363095075889015,-0.0008638718368972039,0.00776326529428667,0.0,False,False,switcher,,,,0.008627137131183873
74016,2003-09-10 17:56:00+00:00,Right,Right,62,89,0.8769783,0.8706438,0.0063344836,0.3263470720845566,0.29669927894642545,0.02964779313813115,0.004939908848602793,0.004947820308511618,0.009526295255997274,0.01054062270463022,7.911459908824768e-06,0.0010143274486329457,0.17599999999999993,False,False,switcher,,,,0.001006415988724121
74016,2005-02-14 17:24:00+00:00,Right,Center,77,104,0.8714187,0.87625855,-0.0048398376,0.3090877566896145,0.3137761274303851,-0.004688370740770553,0.0037020951625774045,0.0029940187657488244,0.011588923873865068,0.01355843462142682,-0.0007080763968285802,0.001969510747561751,0.39,False,True,switcher,0.8742342591285706,0.8783236145973206,0.00408935546875,0.0026775871443903312
74016,2005-02-15 00:00:00+00:00,Center,,77,104,0.87423426,0.8783236,-0.0040893555,0.3275620524281621,0.30427193158254096,0.023290120845621154,0.0037020951625774045,0.0029940187657488244,0.011588923873865068,0.01355843462142682,-0.0007080763968285802,0.001969510747561751,,False,True,switcher,,,,0.0026775871443903312
74024,2007-04-23 00:00:00+00:00,Right,Right,14,107,0.8925156,0.8627782,0.029737413,0.4511707910460018,0.37341783308883514,0.07775295795716664,0.0,0.0023091445516749323,0.04074465927041739,0.05139293085700202,,0.010648271586584629,0.02200000000000002,True,False,switcher,,,,0.010648271586584629
74031,2005-09-22 00:00:00+00:00,Left,,52,132,0.8930028,0.86971027,0.023292542,0.7677927702064729,0.7174737061095475,0.050319064096925326,0.027560726681628647,0.02191384003427946,0.003454421416441068,0.00389191053245144,-0.005646886647349185,0.000437489116010372,,False,True,switcher,,,,0.006084375763359557
74032,2003-08-21 16:58:00+00:00,Right,Center,17,17,0.8786785,0.84722686,0.031451643,0.2843406457815498,0.2605129725090439,0.023827673272505845,0.003024128910954859,0.004395742371315285,0.019387597168329218,0.04459760955053156,0.0013716134603604263,0.025210012382202343,0.30800000000000005,False,True,switcher,0.8827771544456482,0.8506331443786621,-0.032144010066986084,0.023838398921841916
74039,2005-05-12 14:01:00+00:00,Center,Left,15,24,0.83583933,0.86067754,-0.02483821,0.3269990066654088,0.27720960316737125,0.049789403498037565,0.0022349384032855704,0.008298721133255358,0.007748809206310371,0.004686271810940967,0.006063782729969788,-0.0030625373953694045,0.747,False,True,switcher,0.8352155685424805,0.8602965474128723,0.025080978870391846,-0.009126320125339192
74040,2013-10-01 17:41:00+00:00,Center,Center,26,22,0.8757665,0.86274874,0.013017774,0.3120647713081653,0.31981713052825483,-0.007752359220089544,0.003359479245555195,0.002722740222740223,0.012896016554445673,0.0076170264814429565,-0.000636739022814972,-0.005278990073002717,0.099,True,False,switcher,,,,-0.004642251050187745
74040,2014-04-24 00:00:00+00:00,Center,Center,32,15,0.87149537,0.88514495,-0.013649583,0.32525293322387416,0.3752723722885301,-0.050019439064655946,0.0046014607901474994,0.0027609427609427612,0.014001252972904261,0.0031383190078842255,-0.0018405180292047382,-0.010862933965020036,0.0,False,False,switcher,,,,-0.009022415935815297
74047,2007-11-20 00:00:00+00:00,Left,Left,45,20,0.8904571,0.8823401,0.00811702,0.6926024609390378,0.6539402172992987,0.038662243639739025,0.013077902682858033,0.028283182235621894,0.0026218707067733886,0.0031047793272713092,0.015205279552763861,0.0004829086204979206,0.44000000000000006,True,False,switcher,,,,-0.01472237093226594
74050,2007-01-15 11:06:00+00:00,Left,Right,10,42,0.86436176,0.8703705,-0.0060087442,0.694073503612936,0.48859687447604816,0.2054766291368878,0.002756357670221493,0.008298350624292359,0.00848435518246839,0.013066803199113955,0.005541992954070866,0.0045824480166455645,0.7749999999999999,True,True,switcher,0.8648926615715027,0.8708739280700684,0.005981266498565674,-0.0009595449374253011
74051,2003-09-24 17:16:00+00:00,Right,Left,16,26,0.8708136,0.88277507,-0.01196146,0.276293388182041,0.2452675540018171,0.03102583418022392,0.005517173002590398,0.0030041629477218735,0.005233416445909632,0.014738442190207453,-0.002513010054868524,0.009505025744297822,1.116,False,True,switcher,0.874215841293335,0.8854643106460571,0.011248469352722168,0.012018035799166346
74059,2009-10-15 12:58:00+00:00,Left,Left,43,27,0.8609911,0.8615794,-0.00058829784,0.5678104954448714,0.6754264376029296,-0.10761594215805825,0.0073109637108701156,0.007388768842177231,0.0020184594197206933,0.005648166007224005,7.780513130711559e-05,0.0036297065875033115,0.526,True,False,switcher,,,,0.003551901456196196
74063,2007-04-23 00:00:00+00:00,Right,Right,67,109,0.88094854,0.87470275,0.006245792,0.22730834597654428,0.26389592687985014,-0.036587580903305855,0.004867180336928869,0.0040343937916134795,0.012618412480928267,0.018946545774986088,-0.0008327865453153895,0.006328133294057821,0.02200000000000002,True,False,switcher,,,,0.007160919839373211
74066,2005-02-15 13:55:00+00:00,Left,Center,31,36,0.8912577,0.88822603,0.003031671,0.5855535330165813,0.3993599416063299,0.18619359141025138,0.01163568146010704,0.015197906252059391,0.003219639988132774,0.013315745014018913,0.003562224791952352,0.01009610502588614,0.641,True,True,switcher,0.8903760313987732,0.8890818357467651,-0.0012941956520080566,0.006533880233933788
74066,2005-02-22 13:03:00+00:00,Center,,31,36,0.89037603,0.88908184,0.0012941957,0.27022371369919623,0.4491135056382389,-0.17888979193904264,0.01163568146010704,0.015197906252059391,0.003219639988132774,0.013315745014018913,0.003562224791952352,0.01009610502588614,,False,True,switcher,,,,0.006533880233933788
74070,2003-06-02 00:00:00+00:00,Right,Right,16,88,0.87494296,0.88375473,-0.008811772,0.23021162025282643,0.27032177463419554,-0.04011015438136911,0.00714154763356891,0.004600353214555549,0.006326664039625595,0.01044155964771787,-0.0025411944190133606,0.004114895608092275,0.11499999999999999,False,False,switcher,,,,0.006656090027105635
74070,2003-09-24 10:34:00+00:00,Right,Right,46,58,0.8790809,0.8850306,-0.0059497356,0.2365352115814035,0.2860531441225838,-0.04951793254118031,0.006469958577223601,0.003818581904581125,0.009757645203577324,0.009848830935665954,-0.002651376672642476,9.118573208862987e-05,0.248,False,False,switcher,,,,0.002742562404731106
74090,2005-09-29 14:06:00+00:00,Left,Center,85,60,0.8941886,0.89269745,0.0014911294,0.5115677292567613,0.5166814360320778,-0.005113706775316529,0.0017993232445760435,0.0007114042965889034,0.014992826283532802,0.012273264760219442,-0.00108791894798714,-0.00271956152331336,0.515,True,True,switcher,0.8956463932991028,0.8942391872406006,-0.0014072060585021973,-0.0016316425753262202
74090,2011-10-26 19:16:00+00:00,Center,Right,77,65,0.89227504,0.88453025,0.007744789,0.2154309321432168,0.17350845260589667,0.04192247953732012,0.003041724834193486,0.0020167536735610676,0.012140287678646132,0.009516817809010461,-0.0010249711606324183,-0.0026234698696356706,0.319,True,True,switcher,0.8894128203392029,0.8826097249984741,-0.00680309534072876,-0.0015984987090032522
74106,2013-10-07 13:49:00+00:00,Left,Center,24,10,0.843126,0.8254078,0.017718196,0.6068661544512618,0.46717018491834683,0.13969596953291497,0.0019297491723962313,0.0001422475106685633,0.0070778554196813635,0.001719375434185716,-0.001787501661727668,-0.005358479985495648,0.557,True,True,switcher,0.8424062132835388,0.8246501684188843,-0.01775604486465454,-0.00357097832376798
74111,2003-06-02 00:00:00+00:00,Right,Right,52,39,0.8612372,0.86873096,-0.0074937344,0.3290236648874127,0.38871877098317525,-0.05969510609576256,0.002538500470662087,0.003265350425043567,0.019404388200764493,0.03054823450074401,0.00072684995438148,0.011143846299979516,0.11499999999999999,False,False,switcher,,,,0.010416996345598036
74140,2005-05-25 20:47:00+00:00,Right,Right,27,21,0.8643399,0.83386755,0.030472338,0.29182970673811587,0.2837272395878203,0.008102467150295556,0.006990476283542423,0.014304970004751557,0.007772472542430585,0.011539818385762563,0.007314493721209134,0.003767345843331978,0.295,False,False,switcher,,,,-0.003547147877877156
74140,2007-01-25 00:00:00+00:00,Right,Right,12,26,0.8265603,0.80402124,0.02253908,0.3190801631567765,0.221125694854228,0.0979544683025485,0.00036231884057971015,0.00263242504621815,0.017277517055376324,0.008381578739273133,0.0022701062056384395,-0.008895938316103191,0.0030000000000000027,True,False,switcher,,,,-0.01116604452174163
74142,2007-04-23 00:00:00+00:00,Right,Right,22,16,0.88008803,0.8799404,0.0001476407,0.14332039515614575,0.1522707783278665,-0.008950383171720755,0.011733940218862954,0.012887998681752501,0.003753290652367894,0.010587025689378662,0.0011540584628895473,0.006833735037010768,0.02200000000000002,True,False,switcher,,,,0.005679676574121221
74143,2005-05-25 20:47:00+00:00,Right,Right,23,35,0.88218343,0.8779354,0.004248023,0.29989684481232265,0.23296412530385163,0.06693271950847102,0.003331676618774818,0.000913111170028542,0.004784591972733116,0.008010058439414821,-0.002418565448746276,0.003225466466681705,0.295,False,False,switcher,,,,0.005644031915427981
74143,2005-09-29 15:39:00+00:00,Right,Right,32,22,0.88607216,0.869749,0.01632315,0.27535606712364,0.21753656498399232,0.057819502139647705,0.0019891988396306464,0.0014412250087257334,0.0051692964556122895,0.009462107478271324,-0.000547973830904913,0.004292811022659035,0.295,True,False,switcher,,,,0.004840784853563948
74143,2007-02-08 00:00:00+00:00,Right,Center,13,25,0.86288506,0.85544986,0.0074352026,0.1894129368922782,0.19737037165316604,-0.007957434760887838,0.002079542538131112,0.004144130576353812,0.005198686781186569,0.007782783720208413,0.0020645880382227,0.002584096939021844,0.601,False,True,switcher,0.8689679503440857,0.8588711023330688,-0.010096848011016846,0.0005195089007991437
74148,2003-09-16 15:52:00+00:00,Left,Right,19,56,0.8358835,0.8372359,-0.0013524294,0.41594079599375694,0.3760376451132567,0.03990315088050023,0.0006198866035023592,0.004537202300658451,0.019178041047433113,0.013488707979975303,0.003917315697156092,-0.00568933306745781,1.1720000000000002,True,True,switcher,0.8385273218154907,0.8380736112594604,-0.00045371055603027344,-0.009606648764613902
74148,2005-02-02 16:03:00+00:00,Right,Center,61,47,0.85784423,0.8575399,0.00030434132,0.35352987470920494,0.26269253227591155,0.09083734243329339,0.004953464712561281,0.0027516394284544943,0.01038922999320609,0.010854181653247304,-0.002201825284106787,0.0004649516600412143,0.39,False,True,switcher,0.8593281507492065,0.8603340983390808,0.0010059475898742676,0.002666776944148001
74150,2005-11-23 11:36:00+00:00,Right,Left,22,17,0.873419,0.8822315,-0.008812487,0.2388978883008583,0.21547021858624898,0.023427669714609328,0.007811588318604242,0.002339809592025547,0.013287082690574355,0.005638318278241535,-0.005471778726578695,-0.00764876441233282,0.782,False,True,switcher,0.8743923306465149,0.8820626139640808,0.007670283317565918,-0.0021769856857541256
74163,2013-10-02 15:43:00+00:00,Left,Center,75,44,0.85334414,0.8550755,-0.0017313361,0.6441522403093732,0.6887928225015929,-0.04464058219221967,0.004661850153927533,0.002730718307050892,0.005764278612734179,0.005319952839909828,-0.0019311318468766413,-0.00044432577282435114,0.506,True,True,switcher,0.8531633615493774,0.8551254868507385,0.001962125301361084,0.0014868060740522901
74163,2014-04-24 00:00:00+00:00,Center,Center,62,102,0.857697,0.83509016,0.02260685,0.2048025304511123,0.2902077415776966,-0.08540521112658428,0.004117038922346695,0.008335354438571764,0.005269579296334101,0.005046810498525062,0.004218315516225069,-0.00022276879780903924,0.0,False,False,switcher,,,,-0.004441084314034108
74163,2018-03-29 13:39:00+00:00,Center,Right,243,120,0.82030964,0.8265274,-0.0062177777,0.2416624299217917,0.21959517215853316,0.022067257763258546,0.00719461079463127,0.008871965638998582,0.011248777153174941,0.010039535527719388,0.001677354844367312,-0.0012092416254555535,0.647,True,True,switcher,0.8191344738006592,0.825079619884491,0.005945146083831787,-0.0028865964698228655
74165,2007-01-25 00:00:00+00:00,Right,Right,49,64,0.8673941,0.8574449,0.009949207,0.13992161274269657,0.19048942675419628,-0.05056781401149971,0.004821264120615327,0.0025222920645311996,0.006252706943880122,0.005348846097525726,-0.0022989720560841276,-0.0009038608463543957,0.0030000000000000027,True,False,switcher,,,,0.001395111209729732
74165,2022-04-06 16:35:00+00:00,Right,Right,171,76,0.86347365,0.87083876,-0.0073651075,0.3623924248253204,0.22422597767418198,0.13816644715113843,0.007252059645453544,0.012197497562975697,0.019654120853662204,0.01018733191649392,0.004945437917522153,-0.009466788937168284,0.17799999999999994,True,False,switcher,,,,-0.014412226854690437
74167,2005-02-16 12:42:00+00:00,Right,Center,18,32,0.89243954,0.8625277,0.029911816,0.30866891072883246,0.22163030594830868,0.08703860478052378,0.0031781791331267667,0.0043750388209563285,0.007947414736520254,0.01226799085306736,0.0011968596878295617,0.004320576116547105,0.271,False,True,switcher,0.8935810923576355,0.8632204532623291,-0.030360639095306396,0.003123716428717543
74167,2005-02-22 18:31:00+00:00,Center,,18,33,0.8935811,0.8627542,0.030826867,0.2931647174142096,0.2863550319609404,0.006809685453269154,0.0031781791331267667,0.004242461886987955,0.007947414736520254,0.011896233554489561,0.001064282753861188,0.003948818817969307,,False,True,switcher,,,,0.0028845360641081186
74167,2005-10-06 12:22:00+00:00,Center,Right,15,42,0.8756884,0.87537694,0.00031143427,0.2968498453725192,0.28756845478487975,0.009281390587639438,0.0029074642357023225,0.004738540587640247,0.014956474560628133,0.006847876827902158,0.0018310763519379242,-0.008108597732725976,0.601,True,True,switcher,0.8750982880592346,0.8737759590148926,-0.001322329044342041,-0.0099396740846639
74169,2003-08-27 12:36:00+00:00,Left,Center,23,33,0.84550756,0.85725373,-0.011746168,0.5519845650749744,0.4435657928216592,0.1084187722533152,0.005782464539845627,0.0033465907299092858,0.011645648586343439,0.013592182677939114,-0.002435873809936341,0.0019465340915956753,0.782,True,True,switcher,0.849191427230835,0.8596131205558777,0.010421693325042725,0.004382407901532016
74170,2005-02-15 00:59:00+00:00,Right,Right,37,32,0.88368154,0.8795953,0.004086256,0.3367695594537534,0.2516693551673239,0.0851002042864295,0.008465109135810603,0.011232342295848085,0.013673246483372854,0.012425126592156974,0.0027672331600374824,-0.0012481198912158795,0.37800000000000006,False,False,switcher,,,,-0.004015353051253362
74170,2005-02-18 17:18:00+00:00,Right,Right,37,32,0.88368154,0.8795953,0.004086256,0.3367695594537534,0.2516693551673239,0.0851002042864295,0.008465109135810603,0.011232342295848085,0.013673246483372854,0.012425126592156974,0.0027672331600374824,-0.0012481198912158795,0.37800000000000006,True,False,switcher,,,,-0.004015353051253362
74170,2005-07-05 17:10:00+00:00,Right,,32,19,0.8810406,0.88908947,-0.008048892,0.304828509617304,0.22046799653378746,0.08436051308351655,0.008954765663120456,0.010039858342184387,0.014701252846324802,0.012772649900282766,0.0010850926790639311,-0.0019286029460420361,,False,True,switcher,,,,-0.0030136956251059673
74171,2005-10-27 14:54:00+00:00,Left,Left,123,125,0.89907694,0.8893183,0.009758651,0.6923240173124183,0.6527772985987338,0.03954671871368454,0.013917686724168923,0.01291137493841096,0.005959735682975595,0.005145244759659544,-0.0010063117857579632,-0.0008144909233160514,0.16499999999999992,False,False,switcher,,,,0.00019182086244191182
74172,2005-02-02 16:00:00+00:00,Left,Center,11,15,0.86000437,0.87121636,-0.011211991,0.5042144492746031,0.44073702113640156,0.06347742813820156,0.005278494387405279,0.002898550724637681,0.005294826799064087,0.013258405640023672,-0.0023799436627675976,0.007963578840959586,0.41800000000000004,True,True,switcher,0.8590192198753357,0.871120810508728,0.012101590633392334,0.010343522503727182
74172,2005-10-05 10:34:00+00:00,Center,Right,13,24,0.8926265,0.8572038,0.035422742,0.31082594626495086,0.28609972204624595,0.024726224218704906,0.007117899240154943,0.0022908622908622907,0.010994771435099934,0.0052632763497116085,-0.004827036949292653,-0.005731495085388325,0.42500000000000004,True,True,switcher,0.8934190273284912,0.8590171933174133,-0.03440183401107788,-0.0009044581360956724
74172,2013-10-07 15:44:00+00:00,Right,Right,23,11,0.84530616,0.86158544,-0.01627928,0.3062326643066911,0.40307877300200007,-0.09684610869530896,0.0012077294685990338,0.005394857667584941,0.011606097629164014,0.005881415953879721,0.004187128198985907,-0.005724681675284293,0.265,False,False,switcher,,,,-0.009911809874270198
74176,2005-10-10 17:43:00+00:00,Center,Left,37,23,0.8788626,0.88520366,-0.00634104,0.31161186489187304,0.36650792135847743,-0.05489605646660439,0.0011577843545056662,0.0019258010415704996,0.010412597999817735,0.011307508668118232,0.0007680166870648335,0.000894910668300497,0.653,False,True,switcher,0.878538191318512,0.8849034309387207,0.00636523962020874,0.00012689398123566357
74197,2013-10-08 16:44:00+00:00,Left,Center,145,234,0.8859415,0.87859964,0.0073418617,0.6493804915148184,0.5852996969146809,0.06408079460013749,0.028634216729734888,0.017678291939642973,0.007088354274698096,0.00567832300126576,-0.010955924790091914,-0.0014100312734323358,0.687,True,True,switcher,0.8835223913192749,0.8774862885475159,-0.006036102771759033,0.00954589351665958
74197,2014-04-24 00:00:00+00:00,Center,Center,208,153,0.8799117,0.8780421,0.0018696189,0.2792843654619718,0.29209751495561775,-0.012813149493645981,0.021959470781910854,0.015381865462585884,0.005606065727465135,0.0057812552228296895,-0.0065776053193249695,0.00017518949536455414,0.0,False,False,switcher,,,,0.006752794814689524
74230,2007-01-30 20:40:00+00:00,Left,Center,164,207,0.837402,0.8213784,0.016023576,0.4829469334907932,0.4327333579093104,0.05021357558148282,0.004586541775807694,0.0057521342989679545,0.01066890986449025,0.013588102596851927,0.0011655925231602608,0.0029191927323616775,0.523,True,True,switcher,0.8380182981491089,0.8224425911903381,-0.015575706958770752,0.0017536002092014167
74240,2003-10-01 10:52:00+00:00,Right,Right,19,29,0.8958221,0.89221054,0.0036115646,0.35034727151862477,0.24234999980174926,0.10799727171687551,0.005424928120758712,0.00340958033960925,0.00503834120694342,0.007701204751649766,-0.0020153477811494618,0.0026628635447063466,0.36700000000000005,False,False,switcher,,,,0.004678211325855808
74240,2005-05-25 12:59:00+00:00,Right,Right,12,26,0.8874996,0.8863402,0.00115937,0.25463308371796745,0.29229289611942205,-0.037659812401454607,0.0028774711198795194,0.0017487393882082607,0.008769926506152213,0.011088263938080925,-0.0011287317316712587,0.0023183374319287117,0.36700000000000005,True,False,switcher,,,,0.0034470691635999705
74253,2003-06-02 00:00:00+00:00,Right,Right,12,25,0.87929296,0.8571655,0.02212745,0.22027279062998964,0.1884710709372752,0.03180171969271445,0.005575990754833982,0.0005827505827505828,0.02998296369946582,0.009255324341342958,-0.004993240172083399,-0.020727639358122864,0.11499999999999999,False,False,switcher,,,,-0.015734399186039465
74270,2003-08-25 10:19:00+00:00,Left,Center,18,52,0.8735496,0.8690669,0.0044826865,0.4208390890941344,0.403497629569643,0.0173414595244914,0.0033883123301210777,0.0016383498633702695,0.0071029807679954225,0.012592655315084734,-0.0017499624667508082,0.005489674547089311,0.782,True,True,switcher,0.8735016584396362,0.8683751225471497,-0.005126535892486572,0.007239637013840119
74273,2003-08-27 18:07:00+00:00,Left,Center,19,62,0.8580572,0.8761612,-0.018104017,0.3383379177620974,0.30726037408637785,0.03107754367571952,0.00040485829959514174,0.0013200380407746369,0.025848402093111632,0.018894957794078866,0.0009151797411794951,-0.006953444299032767,0.782,True,True,switcher,0.8582115173339844,0.8764865398406982,0.018275022506713867,-0.007868624040212262
74273,2005-09-29 17:46:00+00:00,Center,Right,52,23,0.88232136,0.87181425,0.010507107,0.22284055205250947,0.21144957459734223,0.011390977455167234,0.0020385303394162327,0.0022091587831292356,0.01748345779087754,0.01579196731692462,0.0001706284437130029,-0.0016914904739529224,0.259,True,True,switcher,0.8795795440673828,0.8706133365631104,-0.008966207504272461,-0.0018621189176659253
74273,2009-10-14 13:16:00+00:00,Right,Left,86,35,0.86492234,0.8542507,0.010671616,0.37461323741161057,0.36310312958607277,0.011510107825537796,0.0018467034213228357,0.001518970911933747,0.009537732821544685,0.017712994057216797,-0.0003277325093890887,0.008175261235672112,0.8130000000000001,False,True,switcher,0.8680387139320374,0.8571808934211731,-0.010857820510864258,0.0085029937450612
74273,2011-11-01 16:13:00+00:00,Left,Right,34,44,0.88230634,0.8632214,0.01908493,0.43392415607033047,0.3884888247431295,0.045435331327200956,0.004053666275037266,0.003510565619791621,0.01956650627826374,0.026570038763419936,-0.0005431006552456446,0.007003532485156196,0.91,True,True,switcher,0.8789218068122864,0.8599582314491272,-0.01896357536315918,0.007546633140401841
74288,2005-10-03 18:46:00+00:00,Left,Left,49,37,0.8910593,0.87550527,0.015554011,0.7026240657167822,0.6436689500693089,0.058955115647473244,0.009565206079906031,0.006079711739256956,0.0029775243864565877,0.005741567280425211,-0.0034854943406490754,0.0027640428939686235,0.10499999999999998,False,False,switcher,,,,0.006249537234617699
74291,2003-09-17 17:49:00+00:00,Center,Right,12,15,0.8591992,0.8753187,-0.01611948,0.4381466066191459,0.3059672226286174,0.13217938399052848,0.001702130077974039,0.005458891166571457,0.007893777452673029,0.003257019573214044,0.0037567610885974176,-0.004636757879458985,0.28,True,True,switcher,0.8534664511680603,0.8700801730155945,0.01661372184753418,-0.008393518968056402
74299,2016-03-16 13:07:00+00:00,Center,Left,10,28,0.84685767,0.8616212,-0.014763534,0.272283732043641,0.3460921361980975,-0.0738084041544565,0.02090652986696809,0.005895809100121134,0.008806995754276552,0.0005546972585628821,-0.015010720766846957,-0.00825229849571367,0.373,False,True,switcher,0.845416247844696,0.8606003522872925,0.015184104442596436,0.006758422271133288
74300,2005-10-11 17:50:00+00:00,Center,Center,29,52,0.7715549,0.84816325,-0.07660836,0.45301470211103595,0.40620086355039003,0.046813838560645915,0.0001272426517368622,0.0,0.01576889506302878,0.025224879533369746,,0.009455984470340965,0.02499999999999998,True,False,switcher,,,,0.009455984470340965
74300,2007-03-12 12:36:00+00:00,Center,Right,45,41,0.8404109,0.8279852,0.012425661,0.40945025130476626,0.42266598080069306,-0.013215729495926809,0.0,0.0007577413132915903,0.02106313232059452,0.01675310842991797,,-0.004310023890676553,0.28400000000000003,True,True,switcher,0.8381010293960571,0.8240182399749756,-0.014082789421081543,-0.004310023890676553
74305,2003-07-29 16:06:00+00:00,Right,Right,11,18,0.88027406,0.872421,0.007853031,0.2216743489139664,0.15635821137817085,0.06531613753579554,0.0029331491272022543,0.002743249528385175,0.008586181686972805,0.0024680790060978347,-0.00018989959881707914,-0.00611810268087497,0.295,False,False,switcher,,,,-0.005928203082057892
74312,2005-07-06 15:14:00+00:00,Left,,39,30,0.8824636,0.88064265,0.0018209219,0.5805362693953925,0.6048086410021632,-0.02427237160677076,0.016712540312643184,0.017210106833987385,0.005659552995417512,0.013330773772143803,0.0004975665213442018,0.00767122077672629,,False,True,switcher,,,,0.0071736542553820885
74317,2011-10-26 12:04:00+00:00,Right,Right,22,23,0.87695974,0.86430216,0.012657583,0.1339320268336592,0.16165594286241478,-0.02772391602875557,0.01916960064585457,0.030225907994390965,0.02202092008021317,0.008796539905391108,0.011056307348536396,-0.01322438017482206,0.267,False,False,switcher,,,,-0.024280687523358456
74319,2004-02-14 11:16:00+00:00,Right,Right,89,113,0.8880736,0.88262427,0.0054493546,0.1272891109712577,0.14969776763266182,-0.022408656661404125,0.017412466720460835,0.01629244048216632,0.006296323480636783,0.008397393386330228,-0.0011200262382945157,0.0021010699056934444,0.25799999999999995,False,False,switcher,,,,0.00322109614398796
74343,2003-06-02 00:00:00+00:00,Right,Right,17,26,0.8594022,0.8530153,0.006386876,0.2668928815956418,0.2991152603974197,-0.03222237880177792,0.00789637355192959,0.008897797392246977,0.014027488931143917,0.02101559228340487,0.0010014238403173864,0.006988103352260952,0.11499999999999999,False,False,switcher,,,,0.005986679511943566
74356,2011-10-26 12:30:00+00:00,Right,Right,88,33,0.881525,0.8720203,0.009504676,0.3258473670287163,0.3731290880714963,-0.04728172104278,0.0028697676661861775,0.004398086436209604,0.017063669187785943,0.03383286525932303,0.0015283187700234264,0.01676919607153709,0.14200000000000002,False,False,switcher,,,,0.015240877301513663
74356,2016-03-16 17:30:00+00:00,Right,Right,83,28,0.8653566,0.8702919,-0.0049352646,0.3520295183600531,0.3652237789542873,-0.01319426059423423,0.0035351323073047054,0.004651662783284998,0.02023492922704201,0.025593464144486096,0.0011165304759802922,0.005358534917444088,0.05199999999999999,True,False,switcher,,,,0.004242004441463795
74356,2019-08-16 16:25:00+00:00,Right,Right,19,13,0.8636038,0.878507,-0.014903247,0.35227847722382405,0.23680302437365341,0.11547545285017063,0.005230341856499131,0.010486947371183823,0.06679490542793734,0.05056645955087931,0.005256605514684693,-0.01622844587705803,0.0,False,False,switcher,,,,-0.021485051391742723
74358,2005-02-11 13:29:00+00:00,Left,Right,12,43,0.8888611,0.86098117,0.027879953,0.29850035352049176,0.3986701992783794,-0.10016984575788762,0.0012077294685990338,0.00286146535771429,0.055503161693113486,0.04172319917284274,0.0016537358891152564,-0.013779962520270743,1.1880000000000002,True,True,switcher,0.887162446975708,0.8612736463546753,-0.025888800621032715,-0.015433698409386
74366,2016-03-22 18:22:00+00:00,Center,Right,46,49,0.8683845,0.8695368,-0.0011523366,0.31009512371902764,0.2627023611757716,0.04739276254325603,0.002332933242361706,0.003630595782723787,0.010213956514778305,0.019310135831640714,0.0012976625403620812,0.009096179316862409,0.28400000000000003,True,True,switcher,0.8685717582702637,0.8686376214027405,6.586313247680664e-05,0.007798516776500328
74366,2019-08-16 16:25:00+00:00,Right,Right,11,34,0.8478411,0.8329408,0.014900267,0.2812917485370625,0.22557092275246657,0.055720825784595945,0.00039184952978056425,0.002736007881095407,0.025801237735180404,0.06776010028138138,0.002344158351314843,0.04195886254620097,0.0,False,False,switcher,,,,0.03961470419488613
74372,2003-06-02 00:00:00+00:00,Right,Right,35,67,0.8901332,0.87638205,0.013751149,0.13645656928195438,0.17408008363932695,-0.03762351435737257,0.005166445401803954,0.006447469462939901,0.00805200686785242,0.004278647342168444,0.0012810240611359465,-0.003773359525683977,0.11499999999999999,False,False,switcher,,,,-0.005054383586819923
74374,2007-08-07 18:24:00+00:00,Left,Center,52,43,0.8962403,0.89519936,0.0010409355,0.5069890636422707,0.41605763140403995,0.09093143223823075,0.005118651186958577,0.0026478176305929904,0.010244832905351421,0.012159364246913074,-0.002470833556365587,0.0019145313415616528,0.523,True,True,switcher,0.8969516158103943,0.8953457474708557,-0.0016058683395385742,0.00438536489792724
74374,2016-03-28 21:39:00+00:00,Center,Center,42,46,0.8769744,0.87835586,-0.0013814569,0.28916390960122096,0.25776998514827587,0.03139392445294509,0.0031254982710856504,0.001064186642129378,0.006579588356037831,0.00978789607240107,-0.002061311628956272,0.003208307716363239,0.038000000000000006,False,False,switcher,,,,0.005269619345319511
74382,2007-04-23 00:00:00+00:00,Right,Right,16,74,0.84820753,0.8703458,-0.022138238,0.2327678499333838,0.2115031122169167,0.021264737716467114,0.0011500740192450037,0.0042330568430138825,0.008065814649247653,0.027234326280386426,0.003082982823768879,0.019168511631138772,0.02200000000000002,True,False,switcher,,,,0.016085528807369895
74382,2011-10-26 12:04:00+00:00,Right,Right,27,13,0.89623874,0.86029816,0.035940588,0.25861288591086995,0.22306709158563975,0.035545794325230196,0.0036251870604571933,0.0030135968477663752,0.0183079592839482,0.014816647534293199,-0.000611590212690818,-0.0034913117496550017,0.267,False,False,switcher,,,,-0.0028797215369641836
74383,2003-06-17 15:12:00+00:00,Left,Right,12,25,0.8562735,0.8242028,0.032070696,0.36408322950758465,0.3938473657628925,-0.029764136255307827,0.000641025641025641,0.0017838363921749206,0.02579095258983417,0.015815165863398435,0.0011428107511492797,-0.009975786726435735,0.821,True,True,switcher,0.8584696650505066,0.8244451284408569,-0.03402453660964966,-0.011118597477585014
74385,2003-08-25 10:19:00+00:00,Left,Center,17,106,0.8819883,0.87489945,0.00708884,0.4272369008477953,0.36751053656675403,0.05972636428104128,0.00033980246595413145,0.0029205314154434436,0.012420342693909672,0.013585589724126407,0.0025807289494893123,0.0011652470302167348,0.782,True,True,switcher,0.8823169469833374,0.8747853636741638,-0.007531583309173584,-0.0014154819192725774
74385,2007-02-01 15:52:00+00:00,Center,,28,16,0.8655189,0.8871863,-0.021667361,0.2856150767770828,0.4706140476164167,-0.18499897083933386,0.0017129487527979775,0.008344127550763338,0.0064012486058541585,0.015379727327552007,0.00663117879796536,0.008978478721697849,,False,True,switcher,,,,0.0023472999237324887
74385,2007-04-10 00:00:00+00:00,Right,,25,20,0.8622172,0.8802255,-0.018008292,0.4088091940799324,0.2226132861457705,0.18619590793416188,0.0020315082261815358,0.0059234223413625504,0.0065098624833155845,0.019661262825202752,0.0038919141151810147,0.013151400341887168,,False,True,switcher,,,,0.009259486226706155
74385,2007-07-11 20:49:00+00:00,Right,Right,19,19,0.8707881,0.88205224,-0.011264145,0.25136383256268485,0.24693193473689903,0.004431897825785819,0.006368755808756393,0.00450904628849536,0.009955952506527444,0.021317270324775168,-0.0018597095202610332,0.011361317818247724,0.16600000000000004,True,False,switcher,,,,0.013221027338508757
74387,2005-08-30 19:09:00+00:00,Right,,73,105,0.8785707,0.86998355,0.008587122,0.18819468887695795,0.1490849789642224,0.039109709912735546,0.0020758150793958683,0.004383866471637992,0.006326328200898058,0.005723988645265225,0.0023080513922421235,-0.0006023395556328326,,False,True,switcher,,,,-0.002910390947874956
74388,2011-11-09 00:00:00+00:00,Left,Right,15,17,0.84719205,0.83892447,0.008267581,0.5070938621122291,0.565538809480954,-0.058444947368724964,0.002260990998151175,0.007142857142857143,0.011584011355422134,0.003437738731856379,0.004881866144705968,-0.008146272623565756,0.907,True,True,switcher,0.8465767502784729,0.8387806415557861,-0.007796108722686768,-0.013028138768271724
74392,2003-06-02 00:00:00+00:00,Right,Right,30,121,0.8508246,0.84137905,0.009445548,0.12592764736185,0.25369887788078904,-0.12777123051893904,0.004968673622390066,0.00566329355314201,0.016537938370432135,0.0303614988218007,0.0006946199307519439,0.013823560451368566,0.11499999999999999,False,False,switcher,,,,0.013128940520616621
74394,2003-06-02 00:00:00+00:00,Right,Right,22,81,0.89005303,0.8819453,0.008107722,0.13214806305306565,0.25026262372033364,-0.118114560667268,0.0059309631332859665,0.004062915272105226,0.012595982513402897,0.0133835896740301,-0.0018680478611807407,0.0007876071606272034,0.11499999999999999,False,False,switcher,,,,0.002655655021807944
74399,2007-04-23 00:00:00+00:00,Right,Right,95,189,0.8937232,0.87395304,0.019770145,0.17632055144095288,0.18015644554184954,-0.0038358941008966585,0.0033436310546247692,0.0050381656005291705,0.00944895329354911,0.01982883661467799,0.0016945345459044013,0.010379883321128882,0.02200000000000002,True,False,switcher,,,,0.00868534877522448
74421,2005-02-10 12:00:00+00:00,Right,Center,549,611,0.8230295,0.83624333,-0.013213813,0.18959459524160427,0.2135344033770078,-0.02393980813540353,0.006279475300929919,0.0040448557916627674,0.009221964772603574,0.0065385378992041075,-0.002234619509267151,-0.0026834268733994665,0.566,False,True,switcher,0.8258533477783203,0.8388186097145081,0.012965261936187744,-0.0004488073641323153
74421,2005-08-29 17:48:00+00:00,Center,Right,552,622,0.8341465,0.84209687,-0.007950366,0.36203514504641954,0.34214262930788236,0.019892515738537175,0.004551254509170388,0.004101434247904847,0.0073213683483059335,0.007116300115117118,-0.0004498202612655414,-0.00020506823318881557,0.306,True,True,switcher,0.8316333889961243,0.8398082256317139,0.0081748366355896,0.00024475202807672583
74421,2007-01-25 00:00:00+00:00,Right,Right,584,522,0.8415669,0.83790326,0.003663659,0.20147783166164954,0.1598049873730121,0.041672844288637434,0.0034800170898093385,0.006279771792305085,0.006035091118457326,0.006574144273689244,0.0027997547024957467,0.0005390531552319179,0.0030000000000000027,True,False,switcher,,,,-0.002260701547263829
74427,2003-08-07 17:35:00+00:00,Center,Right,14,22,0.8806096,0.8778452,0.0027643442,0.27109769699842007,0.36941722397424853,-0.09831952697582846,0.006731666220958356,0.0031304150929965034,0.0020534297483938923,0.004904745810442612,-0.0036012511279618522,0.0028513160620487195,0.28,True,True,switcher,0.8736391067504883,0.8710927367210388,-0.002546370029449463,0.006452567190010572
74427,2004-10-29 17:49:00+00:00,Right,,20,13,0.8722013,0.88882786,-0.016626537,0.1975961566263937,0.16055607597304106,0.03704008065335265,0.003066822901226154,0.010351442997455794,0.003065064734451441,0.005335560391274765,0.00728462009622964,0.002270495656823324,,False,True,switcher,,,,-0.005014124439406316
74433,2007-04-23 00:00:00+00:00,Right,Right,25,43,0.84599394,0.85582477,-0.0098308325,0.2488870538421471,0.2922016455811764,-0.043314591739029296,0.002490775259687425,0.008288184829692426,0.008882269895878899,0.03666736547230411,0.005797409570005001,0.027785095576425216,0.02200000000000002,True,False,switcher,,,,0.021987686006420214
74436,2003-06-02 00:00:00+00:00,Right,Right,27,60,0.8782703,0.87718564,0.0010846853,0.25567726208359204,0.2064167782132406,0.04926048387035145,0.006905805636667446,0.0072585033295811,0.006159602800486656,0.005964786111638909,0.00035269769291365344,-0.0001948166888477475,0.11499999999999999,False,False,switcher,,,,-0.000547514381761401
74444,2003-09-16 18:14:00+00:00,Left,Right,13,38,0.833059,0.83,0.0030590296,0.47736206768014405,0.3526819134524211,0.12468015422772294,0.004075392785070205,0.00996910955567131,0.031965857833979275,0.023129700851884448,0.005893716770601105,-0.008836156982094827,1.1720000000000002,True,True,switcher,0.8348649144172668,0.8320789337158203,-0.002785980701446533,-0.01472987375269593
74444,2005-02-02 16:06:00+00:00,Right,Center,25,34,0.80363464,0.8515681,-0.04793346,0.5221719348441165,0.4836163406721963,0.03855559417192023,0.009194010040651648,0.008722088785197136,0.03368006077859359,0.01789498711894436,-0.00047192125545451186,-0.01578507365964923,0.39,False,True,switcher,0.8027904629707336,0.8507750630378723,0.04798460006713867,-0.01531315240419472
74444,2005-08-10 12:09:00+00:00,Center,Right,20,47,0.83180696,0.8357107,-0.0039037466,0.22008738648319492,0.15614254154882248,0.06394484493437244,0.0023566640955551394,0.009548724821138707,0.04467691531792571,0.010932633591054388,0.007192060725583567,-0.03374428172687132,0.42500000000000004,True,True,switcher,0.8316425085067749,0.838703989982605,0.007061481475830078,-0.04093634245245489
74469,2003-07-02 16:28:00+00:00,Center,,10,20,0.9047176,0.8838829,0.020834744,0.35409603068951934,0.3200643559320218,0.03403167475749752,0.0011261261261261261,0.00704776440693386,0.0056921564723553374,0.01127485530662274,0.005921638280807734,0.005582698834267402,,False,True,switcher,,,,-0.00033893944654033153
74477,2005-09-30 10:00:00+00:00,Right,Right,11,30,0.88040507,0.8774725,0.0029325485,0.18749095305117747,0.25181238060933103,-0.06432142755815357,0.006120816347929766,0.001247454882706231,0.004047589937048257,0.006912033108540786,-0.004873361465223535,0.0028644431714925297,0.34199999999999997,True,False,switcher,,,,0.0077378046367160645
74480,2003-06-02 00:00:00+00:00,Right,Right,17,51,0.84444803,0.8485072,-0.0040591955,0.2817207571381524,0.2511465787765821,0.030574178361570337,0.0038803666956332868,0.003385920648077981,0.013583548371883481,0.010453399491949728,-0.0004944460475553056,-0.0031301488799337536,0.11499999999999999,False,False,switcher,,,,-0.002635702832378448
74484,2005-09-27 15:43:00+00:00,Right,Left,27,17,0.8530029,0.8770913,-0.024088383,0.18491689031445865,0.12303477760354162,0.06188211271091704,0.039589188196100786,0.029224267417694526,0.006917879310326974,0.0037940375835204265,-0.01036492077840626,-0.0031238417268065477,0.9590000000000001,False,True,switcher,0.8568316698074341,0.8793777227401733,0.022546052932739258,0.007241079051599712
74489,2003-12-17 18:25:00+00:00,Center,Left,48,91,0.87627727,0.87885445,-0.0025771856,0.16603472143191242,0.244860650951558,-0.0788259295196456,0.0035751870605731247,0.005145860859241147,0.03762766907969292,0.03138376582815331,0.0015706737986680226,-0.006243903251539611,0.81,False,True,switcher,0.8758489489555359,0.8788108229637146,0.002961874008178711,-0.007814577050207633
74489,2004-12-23 11:48:00+00:00,Left,Right,90,18,0.8785401,0.8894737,-0.010933578,0.50258924173239,0.4397595846589321,0.06282965707345783,0.005203037091010493,0.005192959463438628,0.031128609603055503,0.042252595046597424,-1.0077627571864964e-05,0.011123985443541921,1.053,True,True,switcher,0.8746657371520996,0.8867645859718323,0.012098848819732666,0.011134063071113786
74489,2005-08-24 14:01:00+00:00,Right,Center,34,15,0.8855335,0.8846683,0.000865221,0.2934590224463039,0.28148294638494764,0.011976076061356256,0.0029464917951462777,0.004570222690164327,0.03500397512762227,0.04613420549759772,0.0016237308950180496,0.011130230369975451,0.281,False,True,switcher,0.8893099427223206,0.8882820010185242,-0.0010279417037963867,0.009506499474957401
74493,2005-02-14 22:13:00+00:00,Left,Left,48,32,0.87500954,0.8831606,-0.008151054,0.49762059375326545,0.41461461502536867,0.08300597872789678,0.004960477532014326,0.004728868084815643,0.00406644375935638,0.007367758808148021,-0.00023160944719868327,0.003301315048791641,0.14100000000000001,True,False,switcher,,,,0.003532924495990324
74537,2007-04-23 00:00:00+00:00,Right,Right,81,113,0.8531278,0.8751453,-0.022017539,0.27599495967091936,0.2666995365904599,0.009295423080459442,0.001719034196883465,0.0009430738268904695,0.02444771243856129,0.03299059322611042,-0.0007759603699929955,0.00854288078754913,0.02200000000000002,True,False,switcher,,,,0.009318841157542125
74537,2018-04-13 14:30:00+00:00,Right,Right,30,33,0.86087334,0.87109965,-0.010226309,0.21318475404627968,0.3016476074518281,-0.08846285340554844,0.0023518017564434428,0.011800004849158722,0.010261165490123474,0.026921172281375978,0.009448203092715279,0.016660006791252506,0.008000000000000007,True,False,switcher,,,,0.007211803698537227
74537,2018-12-11 10:29:00+00:00,Right,Right,27,23,0.86562157,0.88412815,-0.018506587,0.286136606335653,0.337166098388435,-0.051029492052781955,0.01151505600405008,0.005277328295969434,0.02957151855252456,0.014510701202082312,-0.006237727708080646,-0.015060817350442247,0.09700000000000009,False,False,switcher,,,,-0.0088230896423616
74542,2007-04-23 00:00:00+00:00,Right,Right,17,10,0.86558753,0.86214125,0.003446281,0.17254534802590038,0.16027152879048553,0.012273819235414846,0.005139650922598547,0.008580542264752791,0.005403630725410336,0.0028085826290449997,0.003440891342154244,-0.0025950480963653367,0.02200000000000002,True,False,switcher,,,,-0.006035939438519581
74550,2005-09-28 10:57:00+00:00,Right,Right,34,18,0.8216267,0.8590311,-0.03740436,0.2998493312066062,0.25300089020130584,0.046848441005300334,0.011851393465005468,0.012930181214986151,0.007603421996426836,0.0037345306434728364,0.001078787749980683,-0.0038688913529539995,0.25200000000000006,True,False,switcher,,,,-0.0049476791029346824
74552,2007-04-23 00:00:00+00:00,Right,Right,26,22,0.8758026,0.88871074,-0.012908161,0.14716932259947346,0.19343174379283737,-0.046262421193363906,0.0042507177429700555,0.004226192524182279,0.0059387752360847606,0.0077266782168719465,-2.4525218787776158e-05,0.001787902980787186,0.02200000000000002,True,False,switcher,,,,0.001812428199574962
74553,2007-04-23 00:00:00+00:00,Right,Right,101,105,0.8663507,0.8454876,0.020863116,0.17900100350824588,0.20931588067799453,-0.03031487716974865,0.004732767462446136,0.003875043456873545,0.006610368282029157,0.014194386832858012,-0.0008577240055725908,0.007584018550828854,0.02200000000000002,True,False,switcher,,,,0.008441742556401444
74554,2007-03-05 00:00:00+00:00,Right,Right,28,33,0.86548376,0.83503467,0.030449092,0.24963496908539481,0.24761301473437405,0.0020219543510207605,0.000959389766912638,0.004768763592381295,0.0066801887128584815,0.016071536584294766,0.0038093738254686565,0.009391347871436286,0.292,False,False,switcher,,,,0.005581974045967629
74554,2019-05-22 17:05:00+00:00,Right,Right,38,28,0.8275692,0.85571843,-0.028149247,0.20866876762700073,0.18229601278752966,0.026372754839471074,0.006039944512683117,0.01093214021961911,0.011228215992565143,0.021680662987190392,0.004892195706935993,0.01045244699462525,0.009000000000000008,True,False,switcher,,,,0.0055602512876892565
74558,2013-09-30 16:30:00+00:00,Left,Center,44,92,0.8639322,0.83700836,0.026923835,0.5985525113064711,0.5230232492392057,0.0755292620672654,0.017160616515024863,0.013722173797187535,0.0106087436405361,0.016213395984956667,-0.0034384427178373277,0.005604652344420567,0.557,True,True,switcher,0.862959086894989,0.8365322351455688,-0.026426851749420166,0.009043095062257894
74559,2014-04-24 00:00:00+00:00,Center,Center,31,14,0.89018065,0.88804907,0.0021315813,0.39585373307583643,0.34272693465621046,0.053126798419625976,0.015719034747347635,0.018352544182455778,0.015411134186445949,0.005613785653380636,0.002633509435108143,-0.009797348533065313,0.0,False,False,switcher,,,,-0.012430857968173456
74577,2003-09-11 17:58:00+00:00,Left,Right,31,48,0.85355926,0.83806354,0.0154957175,0.5309873191558727,0.42822534081476765,0.10276197834110506,0.0013590465407264227,0.005323161869213433,0.000268042157479553,0.004973859486140244,0.00396411532848701,0.004705817328660691,1.1720000000000002,True,True,switcher,0.8555554151535034,0.8412604331970215,-0.014294981956481934,0.0007417020001736808
74577,2005-01-31 18:40:00+00:00,Right,Center,40,22,0.85297567,0.8535953,-0.0006196499,0.340463868884889,0.29339940198618825,0.04706446689870075,0.0035116662200890165,0.0008407385793180538,0.0060186539604486266,0.0026846255452966715,-0.002670927640770963,-0.003334028415151955,0.39,False,True,switcher,0.8541954755783081,0.8541249632835388,-7.051229476928711e-05,-0.0006631007743809923
74585,2007-01-25 00:00:00+00:00,Right,Right,137,235,0.85918957,0.8301004,0.029089153,0.335962680769802,0.23781115828872973,0.09815152248107228,0.0029723168348176924,0.003133006260732933,0.023272864347527795,0.0070820586326301805,0.00016068942591524046,-0.016190805714897616,0.0030000000000000027,True,False,switcher,,,,-0.016351495140812855
74585,2019-05-22 17:05:00+00:00,Right,Right,24,54,0.84932524,0.8312291,0.018096149,0.31591487826191367,0.33853568486866525,-0.022620806606751587,0.005957957438255039,0.008862429666692673,0.01322175053554736,0.028102311004427102,0.002904472228437634,0.014880560468879742,0.009000000000000008,True,False,switcher,,,,0.011976088240442107
74665,2007-01-25 00:00:00+00:00,Right,Right,20,14,0.84722435,0.89445144,-0.047227085,0.22588947364949993,0.15432955819728864,0.0715599154522113,0.00026163004806691585,0.0030453508731284012,0.005412096617457714,0.001858608302708868,0.0027837208250614852,-0.0035534883147488464,0.0030000000000000027,True,False,switcher,,,,-0.006337209139810332
74675,2003-08-25 10:20:00+00:00,Left,Center,39,67,0.8865814,0.88215303,0.0044283867,0.40012260509861575,0.4399240214568777,-0.039801416358261954,0.004244796205581685,0.0030474969294664793,0.02049869004143304,0.010162329132334714,-0.0011972992761152055,-0.010336360909098327,0.782,True,True,switcher,0.887016773223877,0.8826155662536621,-0.004401206970214844,-0.009139061632983121
74680,2003-08-07 09:21:00+00:00,Center,Right,64,102,0.8826002,0.8823612,0.00023901463,0.36756255919586106,0.3781791433894246,-0.010616584193563539,0.0023168329023667074,0.004204199527048844,0.013189444000091605,0.012278824784307318,0.0018873666246821369,-0.0009106192157842877,0.6100000000000001,True,True,switcher,0.8797852993011475,0.8795251846313477,-0.0002601146697998047,-0.0027979858404664246
74680,2005-02-02 15:56:00+00:00,Right,Center,99,103,0.8818235,0.88597053,-0.0041470528,0.25250459919840107,0.24850749975615688,0.00399709944224419,0.004263300824529039,0.003418193949610351,0.013058884898684555,0.013971677650464713,-0.0008451068749186878,0.000912792751780158,0.638,False,True,switcher,0.8844140768051147,0.8893183469772339,0.004904270172119141,0.0017578996266988459
74680,2005-10-05 10:46:00+00:00,Center,Right,98,96,0.89084667,0.88148004,0.0093666315,0.3875805405902975,0.33215702344660275,0.055423517143694756,0.00384652135893691,0.001958292110706312,0.014252602546045507,0.009974765843821303,-0.001888229248230598,-0.004277836702224204,0.42500000000000004,True,True,switcher,0.887567937374115,0.878882110118866,-0.008685827255249023,-0.0023896074539936064
74683,2003-05-22 18:11:00+00:00,Right,,11,79,0.92168766,0.8799071,0.04178059,0.18359961817194848,0.2031766602276082,-0.019577042055659716,0.0021561771561771563,0.004757271491547459,0.022028370533461773,0.0069709150003082355,0.002601094335370303,-0.015057455533153538,,False,True,switcher,,,,-0.017658549868523842
74742,2007-04-23 00:00:00+00:00,Right,Right,23,33,0.86920375,0.8787377,-0.009533942,0.23674919383190698,0.17765669366520043,0.05909250016670656,0.008835056500492194,0.01549821997814058,0.00967432303511234,0.0070734079061170255,0.006663163477648386,-0.002600915128995315,0.02200000000000002,True,False,switcher,,,,-0.0092640786066437
74763,2005-09-22 11:01:00+00:00,Left,,34,34,0.82366943,0.8719191,-0.048249662,0.608729701938532,0.6357702851143266,-0.027040583175794608,0.016566317903404244,0.008153186535996181,0.0011969775519937557,0.0014534895732374723,-0.008413131367408063,0.0002565120212437166,,False,True,switcher,,,,0.00866964338865178
74771,2003-07-03 17:03:00+00:00,Center,,38,67,0.89279765,0.8954054,-0.0026077628,0.3250957520099663,0.34493547999609925,-0.019839727986132927,0.004136528270882877,0.002435935074546388,0.008467851614774008,0.008629890951672778,-0.0017005931963364894,0.00016203933689877027,,False,True,switcher,,,,0.0018626325332352597
74777,2009-10-27 00:00:00+00:00,Center,Center,65,59,0.88061446,0.87705153,0.0035629272,0.3261606431625599,0.3340139330804275,-0.0078532899178676,0.004760460238921203,0.01587232127404797,0.006222709863640687,0.007167454694569105,0.011111861035126767,0.000944744830928418,0.02499999999999998,True,False,switcher,,,,-0.01016711620419835
74784,2016-03-15 17:48:00+00:00,Left,Left,19,44,0.85851157,0.84588045,0.012631118,0.7219435112881776,0.6775108600455073,0.04443265124267026,0.01851286882505292,0.012018938470785155,0.003291760419981476,0.0015544438198735883,-0.006493930354267765,-0.001737316600107888,0.53,False,False,switcher,,,,0.004756613754159877
74813,2007-04-23 00:00:00+00:00,Right,Right,51,210,0.8868306,0.84508246,0.041748166,0.21773556477730444,0.20354835222798776,0.01418721254931668,0.0038762065468212117,0.009211984278464681,0.010082445536382148,0.01728022896424951,0.00533577773164347,0.007197783427867361,0.02200000000000002,True,False,switcher,,,,0.001862005696223891
74833,2011-10-26 12:05:00+00:00,Right,Right,25,33,0.88209504,0.8900023,-0.007907271,0.2884133428428086,0.22614827366411314,0.06226506917869548,0.004556915097115795,0.0006025163919900762,0.006319514131557258,0.008479022006732572,-0.0039543987051257196,0.002159507875175314,0.267,False,False,switcher,,,,0.0061139065803010335
74833,2018-03-26 21:34:00+00:00,Right,Right,114,21,0.83733386,0.8661768,-0.028842926,0.4609561140683105,0.3482800664333452,0.1126760476349653,0.003875286304646455,0.006775337774778449,0.011138030532702549,0.021011516860646676,0.002900051470131994,0.009873486327944127,0.16800000000000004,False,False,switcher,,,,0.0069734348578121335
74838,2003-08-25 10:20:00+00:00,Left,Center,18,20,0.8853129,0.893916,-0.008603096,0.5107070867168777,0.340149269754621,0.1705578169622567,0.0029677913463249904,0.003882080678740435,0.012314481235456958,0.013312260850419885,0.0009142893324154446,0.0009977796149629268,0.782,True,True,switcher,0.8872902393341064,0.8963924646377563,0.009102225303649902,8.349028254748224e-05
74844,2003-06-02 00:00:00+00:00,Right,Right,22,58,0.8237312,0.8532145,-0.029483318,0.1934915620093889,0.21878879252420202,-0.025297230514813113,0.0031749489421643807,0.0024705501758948254,0.010492014855661714,0.008345980648592556,-0.0007043987662695554,-0.0021460342070691585,0.11499999999999999,False,False,switcher,,,,-0.0014416354407996031
74847,2005-01-27 11:23:00+00:00,Right,Right,39,57,0.8996112,0.88252264,0.017088532,0.2935631532735551,0.2607625997816269,0.032800553491928175,0.004553659424554794,0.0076981419215442545,0.003980507273802547,0.003070717417352718,0.0031444824969894605,-0.0009097898564498288,0.25799999999999995,True,False,switcher,,,,-0.004054272353439289
74847,2005-04-28 00:00:00+00:00,Right,Right,38,65,0.89803076,0.87842405,0.01960671,0.30329597831326865,0.23873591357975,0.06456006473351866,0.007371856350212775,0.007917736995424848,0.003442432379731266,0.0029443384481648636,0.0005458806452120733,-0.0004980939315664024,0.07200000000000006,True,False,switcher,,,,-0.0010439745767784757
74847,2016-03-09 12:23:00+00:00,Right,Right,67,45,0.86162746,0.88841003,-0.026782572,0.2818784048163586,0.26239600052663314,0.019482404289725475,0.012421657965743977,0.01284345596012969,0.008176697358610764,0.011698784994252347,0.00042179799438571246,0.003522087635641583,0.133,False,False,switcher,,,,0.0031002896412558704
74856,2018-03-03 15:59:00+00:00,Center,,177,69,0.84262794,0.84613454,-0.0035066009,0.3496310204184159,0.25737807948378993,0.092252940934626,0.001905107261131105,0.005950883378131072,0.011276455804259886,0.022024899047489048,0.004045776116999967,0.010748443243229162,,False,True,switcher,,,,0.006702667126229195
74862,2004-04-13 17:17:00+00:00,Left,Left,16,77,0.8790208,0.84781075,0.031210065,0.46009087324704495,0.5484488976567364,-0.08835802440969148,0.0002403846153846154,0.0067029609451302,0.006635464419651771,0.0018860918238249112,0.006462576329745584,-0.004749372595826859,0.09099999999999997,True,False,switcher,,,,-0.011211948925572444
74862,2005-02-14 23:59:00+00:00,Left,Left,78,46,0.84916484,0.86025447,-0.011089623,0.5567677625896006,0.46914344779829303,0.08762431479130756,0.006666335213092041,0.0011067037605209413,0.0018554492073904311,0.008562204023616467,-0.0055596314525711,0.006706754816226035,0.394,False,False,switcher,,,,0.012266386268797135
74862,2005-09-28 20:00:00+00:00,Left,Left,44,84,0.8519026,0.84974873,0.0021538734,0.4825244639883337,0.5357868752871244,-0.053262411298790724,0.003194650946731578,0.00232184576457625,0.007709701973808206,0.0051436428421932695,-0.0008728051821553281,-0.0025660591316149367,0.44000000000000006,True,False,switcher,,,,-0.0016932539494596086
74862,2013-10-08 19:52:00+00:00,Left,Center,180,79,0.8542007,0.8474826,0.006718099,0.5580338003873944,0.5243784485548321,0.0336553518325623,0.003489561629296737,0.003022094815917956,0.008181780043610962,0.008730388568741457,-0.00046746681337878114,0.0005486085251304954,0.373,True,True,switcher,0.8559686541557312,0.8498693704605103,-0.006099283695220947,0.0010160753385092766
74862,2015-09-23 17:32:00+00:00,Center,Left,120,116,0.8395563,0.85939586,-0.019839585,0.34682904824596184,0.2895401764278577,0.05728887181810416,0.002048675793360826,0.001860794956214592,0.008079198313493173,0.005892838924803776,-0.00018788083714623414,-0.002186359388689397,0.5750000000000001,False,True,switcher,0.8355213403701782,0.8563948273658752,0.02087348699569702,-0.0019984785515431633
76874,2021-06-29 18:01:00+00:00,Left,Left,84,78,0.877976,0.85451955,0.023456454,0.7575325971463682,0.7123115873616475,0.04522100978472077,0.026045759878540974,0.024880260858795796,0.008726903506890584,0.012582478824928897,-0.0011654990197451781,0.0038555753180383127,0.47000000000000003,True,False,switcher,,,,0.005021074337783491
77701,2007-05-02 19:13:00+00:00,Right,Center,38,33,0.88130933,0.871881,0.009428322,0.17797113556372554,0.13610249643273256,0.04186863913099298,0.019003026671543577,0.02568181117349736,0.031853447998659246,0.02519057627955119,0.006678784501953784,-0.006662871719108055,0.259,False,True,switcher,0.8847223520278931,0.8735210299491882,-0.011201322078704834,-0.01334165622106184
92346,2018-03-27 19:59:00+00:00,Right,Right,44,17,0.8549419,0.8552039,-0.00026202202,0.4067787411030098,0.37902041379957374,0.02775832730343608,0.011831019266674264,0.007315711506681652,0.010888905331177203,0.008094061249698012,-0.004515307759992612,-0.002794844081479191,0.259,True,False,switcher,,,,0.001720463678513421
92346,2022-02-23 00:00:00+00:00,Right,,11,19,0.8911968,0.89100665,0.00019013882,0.4366722079372041,0.37386530521387473,0.0628069027233294,0.020846183674797947,0.017349436848368583,0.012423911285140055,0.006887620736729485,-0.0034967468264293644,-0.00553629054841057,,False,True,switcher,,,,-0.0020395437219812053
92776,2013-10-09 09:46:00+00:00,Right,Left,35,39,0.8757362,0.87399334,0.0017428398,0.34647811425327174,0.37425609904517726,-0.02777798479190552,0.005669005462971301,0.005024566455431058,0.009683258460400752,0.014630835877711657,-0.0006444390075402429,0.0049475774173109045,1.078,False,True,switcher,0.880016028881073,0.878260612487793,-0.0017554163932800293,0.005592016424851147
92776,2016-03-17 17:10:00+00:00,Left,Right,57,44,0.8794397,0.8729587,0.006480992,0.3967416845091904,0.4213463325030615,-0.02460464799387113,0.004892370253843464,0.002498249193802769,0.012405961171856123,0.012871462589620509,-0.0023941210600406946,0.0004655014177643857,0.8009999999999999,True,True,switcher,0.875464916229248,0.8692238330841064,-0.0062410831451416016,0.0028596224778050803
97707,2018-03-08 18:27:00+00:00,Left,Right,67,20,0.8667024,0.86789733,-0.0011949539,0.47970347532058216,0.5544057094154203,-0.07470223409483817,0.023950477341218825,0.0431844508295348,0.0072010999632457955,0.005350717226625551,0.019233973488315976,-0.0018503827366202442,1.094,True,True,switcher,0.8672681450843811,0.8661748766899109,-0.0010932683944702148,-0.02108435622493622
98057,2019-08-16 16:25:00+00:00,Right,Right,44,53,0.8044998,0.84537756,-0.04087776,0.3408450939060667,0.34168579862513654,-0.0008407047190698291,0.001336898395721925,0.00100730021878994,0.023331317952920316,0.06416335210270685,-0.0003295981769319851,0.040832034149786534,0.0,False,False,switcher,,,,0.04116163232671852
