deputado_id,switch_date,effect,abs_effect,n_pre,n_post,ideology_distance,direction,crosses_coalition,tenure_years,experience_cat,new_party_size,party_size_cat,vulnerability,old_CAT,new_CAT
109429,2019-02-27 16:21:00+00:00,0.013452705128756397,0.013452705128756397,12,12,,Unknown,False,6.99,Mid,24,Medium,Low,,Right
109429,2019-08-16 16:25:00+00:00,0.013452705128756397,0.013452705128756397,12,12,0.0,Unknown,False,6.99,Mid,25,Medium,Low,Right,Right
109429,2022-04-06 18:07:00+00:00,0.013452705128756397,0.013452705128756397,12,12,,Unknown,False,6.99,Mid,0,Minor,Low,Right,
114941,2018-04-02 20:20:00+00:00,0.03024427765104224,0.03024427765104224,22,8,0.159,Unknown,False,2.71,Junior,10,Medium,Low,Center,Center
116663,2013-10-08 16:30:00+00:00,-0.019018819520047664,0.019018819520047664,43,6,0.27,Unknown,False,2.21,Junior,30,Major,Low,Left,Left
122158,2018-04-11 17:04:00+00:00,0.008166061731094458,0.008166061731094458,15,23,0.48700000000000004,Unknown,False,6.63,Mid,41,Major,Low,Center,Right
122158,2022-02-23 00:00:00+00:00,0.008166061731094458,0.008166061731094458,15,23,,Unknown,False,6.63,Mid,0,Minor,Low,Right,
122158,2022-03-31 20:37:00+00:00,0.008166061731094458,0.008166061731094458,15,23,,Unknown,False,6.63,Mid,44,Major,Low,,Right
129618,2004-06-23 10:21:00+00:00,-0.012275985200513775,0.012275985200513775,11,55,0.295,Unknown,False,1.62,Junior,45,Major,Low,Right,Right
129618,2005-02-15 19:06:00+00:00,-0.012275985200513775,0.012275985200513775,11,55,0.271,Unknown,False,1.62,Junior,91,Major,Low,Right,Center
129618,2005-02-22 13:03:00+00:00,-0.012275985200513775,0.012275985200513775,11,55,,Unknown,False,1.62,Junior,0,Minor,Low,Center,
129618,2005-02-28 11:13:00+00:00,-0.012275985200513775,0.012275985200513775,11,55,,Unknown,False,1.62,Junior,91,Major,Low,,Center
129618,2005-04-15 10:54:00+00:00,-0.012275985200513775,0.012275985200513775,11,55,0.306,Unknown,False,1.62,Junior,52,Major,Low,Center,Right
129618,2007-01-25 00:00:00+00:00,-0.012275985200513775,0.012275985200513775,11,55,0.0030000000000000027,Unknown,False,1.62,Junior,39,Major,Low,Right,Right
129618,2020-12-21 17:35:00+00:00,-0.012275985200513775,0.012275985200513775,11,55,0.009000000000000008,Unknown,False,1.62,Junior,23,Medium,Low,Right,Right
133374,2005-02-15 00:58:00+00:00,-0.016371570636554422,0.016371570636554422,60,53,0.821,Unknown,False,12.3,Senior,52,Major,Low,Left,Right
133374,2005-10-04 13:55:00+00:00,-0.016371570636554422,0.016371570636554422,60,53,0.7749999999999999,Unknown,False,12.3,Senior,20,Medium,Low,Right,Left
133374,2011-10-26 12:02:00+00:00,-0.016371570636554422,0.016371570636554422,60,53,0.752,Unknown,False,12.3,Senior,38,Major,Low,Left,Right
133374,2013-10-02 13:01:00+00:00,-0.016371570636554422,0.016371570636554422,60,53,0.353,Unknown,False,12.3,Senior,12,Medium,Low,Right,Center
133374,2016-03-09 15:36:00+00:00,-0.016371570636554422,0.016371570636554422,60,53,,Unknown,False,12.3,Senior,0,Minor,Low,Center,
133374,2017-05-19 00:00:00+00:00,-0.016371570636554422,0.016371570636554422,60,53,,Unknown,False,12.3,Senior,15,Medium,Low,,Right
133374,2018-04-11 12:39:00+00:00,-0.016371570636554422,0.016371570636554422,60,53,0.09000000000000002,Unknown,False,12.3,Senior,56,Major,Low,Right,Center
133374,2018-05-21 11:16:00+00:00,-0.016371570636554422,0.016371570636554422,60,53,0.0,Unknown,False,12.3,Senior,39,Major,Low,Center,Center
133375,2005-02-14 09:21:00+00:00,0.018868224678813626,0.018868224678813626,7,15,1.053,Unknown,False,2.15,Junior,52,Major,Low,Left,Right
133375,2005-09-20 19:32:00+00:00,0.018868224678813626,0.018868224678813626,7,15,0.9590000000000001,Unknown,False,2.15,Junior,28,Medium,Low,Right,Left
133377,2005-08-30 16:52:00+00:00,-0.020551762828451767,0.020551762828451767,5,9,,Unknown,False,2.3,Junior,0,Minor,Low,Left,
133377,2005-09-15 17:01:00+00:00,-0.020551762828451767,0.020551762828451767,5,9,,Unknown,False,2.3,Junior,20,Medium,Low,,Left
133440,2005-05-25 20:48:00+00:00,-0.013005912057114093,0.013005912057114093,14,12,0.281,Unknown,False,2.2,Junior,52,Major,Low,Center,Right
133440,2006-01-30 17:51:00+00:00,-0.013005912057114093,0.013005912057114093,14,12,0.281,Unknown,False,2.2,Junior,54,Major,Low,Right,Center
136811,2003-06-02 00:00:00+00:00,-0.07821424221914562,0.07821424221914562,25,29,0.11499999999999999,Unknown,False,15.25,Senior,48,Major,Low,Right,Right
136811,2018-12-11 10:29:00+00:00,-0.07821424221914562,0.07821424221914562,25,29,0.09700000000000009,Unknown,False,15.25,Senior,20,Medium,Low,Right,Right
137070,2016-02-23 16:59:00+00:00,0.03147817586213493,0.03147817586213493,12,18,0.853,Unknown,False,0.66,Junior,39,Major,Low,Left,Right
137070,2019-05-22 17:05:00+00:00,0.03147817586213493,0.03147817586213493,12,18,0.009000000000000008,Unknown,False,0.66,Junior,26,Medium,Low,Right,Right
137070,2022-03-23 10:30:00+00:00,0.03147817586213493,0.03147817586213493,12,18,0.14299999999999996,Unknown,False,0.66,Junior,45,Major,Low,Right,Right
141383,2009-11-03 18:37:00+00:00,-0.0295733314759688,0.0295733314759688,29,22,0.309,Unknown,False,2.295,Junior,8,Minor,Low,Center,Right
141389,2007-04-23 00:00:00+00:00,-0.027909579817047586,0.027909579817047586,6,68,0.02200000000000002,Unknown,False,0.15,Junior,62,Major,Low,Right,Right
141408,2007-03-29 00:00:00+00:00,0.021206536008725657,0.021206536008725657,15,137,,Unknown,False,11.64,Senior,25,Medium,Low,,Right
141408,2007-04-10 00:00:00+00:00,0.021206536008725657,0.021206536008725657,15,137,,Unknown,False,11.64,Senior,0,Minor,Low,Right,
141408,2007-06-11 00:00:00+00:00,0.021206536008725657,0.021206536008725657,15,137,,Unknown,False,11.64,Senior,25,Medium,Low,,Right
141408,2007-07-05 18:32:00+00:00,0.021206536008725657,0.021206536008725657,15,137,0.04999999999999999,Unknown,False,11.64,Senior,6,Minor,Low,Right,Right
141408,2019-08-16 16:25:00+00:00,0.021206536008725657,0.021206536008725657,15,137,0.0,Unknown,False,11.64,Senior,25,Medium,Low,Right,Right
141412,2007-09-21 00:00:00+00:00,0.0659905522389028,0.0659905522389028,11,6,0.894,Unknown,False,0.33,Junior,11,Medium,Low,Left,Right
141412,2007-10-31 00:00:00+00:00,0.0659905522389028,0.0659905522389028,11,6,0.894,Unknown,False,0.33,Junior,24,Medium,Low,Right,Left
141412,2009-09-30 18:38:00+00:00,0.0659905522389028,0.0659905522389028,11,6,0.778,Unknown,False,0.33,Junior,43,Major,Low,Left,Right
141417,2016-03-15 17:50:00+00:00,-0.04375442204287994,0.04375442204287994,9,9,0.246,Unknown,False,8.77,Mid,39,Major,Low,Center,Right
141417,2019-05-22 17:05:00+00:00,-0.04375442204287994,0.04375442204287994,9,9,0.009000000000000008,Unknown,False,8.77,Mid,26,Medium,Low,Right,Right
141422,2007-04-23 00:00:00+00:00,-0.19820092218770283,0.19820092218770283,19,15,0.02200000000000002,Unknown,False,14.24,Senior,62,Major,Low,Right,Right
141422,2022-02-23 00:00:00+00:00,-0.19820092218770283,0.19820092218770283,19,15,,Unknown,False,14.24,Senior,0,Minor,Low,Right,
141427,2015-11-25 18:47:00+00:00,0.034598926325851716,0.034598926325851716,22,13,,Unknown,False,10.7,Senior,0,Minor,Low,Left,
141427,2016-03-21 16:55:00+00:00,0.034598926325851716,0.034598926325851716,22,13,,Unknown,False,10.7,Senior,74,Major,Low,,Center
141427,2018-05-21 11:16:00+00:00,0.034598926325851716,0.034598926325851716,22,13,0.0,Unknown,False,10.7,Senior,39,Major,Low,Center,Center
141429,2007-04-23 00:00:00+00:00,-0.09169612876445399,0.09169612876445399,5,18,0.02200000000000002,Unknown,False,0.11,Junior,62,Major,Low,Right,Right
141430,2011-10-26 12:05:00+00:00,-0.01972708959691378,0.01972708959691378,6,10,,Unknown,False,8.495000000000001,Mid,38,Major,Low,,Right
141430,2016-03-21 00:00:00+00:00,-0.01972708959691378,0.01972708959691378,6,10,0.353,Unknown,False,8.495000000000001,Mid,9,Minor,Low,Right,Center
141435,2009-11-03 18:28:00+00:00,-0.023413576484156526,0.023413576484156526,80,40,0.309,Unknown,False,2.28,Junior,8,Minor,Low,Center,Right
141439,2018-03-27 14:38:00+00:00,0.017484084197410862,0.017484084197410862,10,15,0.18100000000000005,Unknown,False,10.44,Senior,20,Medium,Low,Left,Left
141441,2009-10-06 15:43:00+00:00,-0.045054135900539694,0.045054135900539694,12,6,0.24900000000000005,Unknown,False,9.58,Mid,8,Minor,Low,Right,Right
141441,2016-03-21 18:09:00+00:00,-0.045054135900539694,0.045054135900539694,12,6,0.40499999999999997,Unknown,False,9.58,Mid,9,Minor,Low,Right,Center
141441,2017-01-27 17:41:00+00:00,-0.045054135900539694,0.045054135900539694,12,6,0.448,Unknown,False,9.58,Mid,33,Major,Low,Center,Left
141441,2018-04-11 19:53:00+00:00,-0.045054135900539694,0.045054135900539694,12,6,0.9690000000000001,Unknown,False,9.58,Mid,12,Medium,Low,Left,Right
141442,2009-09-30 13:15:00+00:00,-0.18554691637407394,0.18554691637407394,18,28,0.309,Unknown,False,2.1900000000000004,Junior,43,Major,Low,Center,Right
141443,2007-04-23 00:00:00+00:00,-0.013552650661552847,0.013552650661552847,5,22,0.02200000000000002,Unknown,False,0.15,Junior,62,Major,Low,Right,Right
141447,2007-04-23 00:00:00+00:00,-0.08729237450616047,0.08729237450616047,14,32,0.02200000000000002,Unknown,False,3.83,Junior,62,Major,Low,Right,Right
141447,2011-10-26 12:07:00+00:00,-0.08729237450616047,0.08729237450616047,14,32,0.267,Unknown,False,3.83,Junior,38,Major,Low,Right,Right
141448,2007-02-01 09:54:00+00:00,0.03067250311954672,0.03067250311954672,17,10,0.832,Unknown,False,4.29,Junior,39,Major,Low,Left,Right
141448,2011-10-26 19:16:00+00:00,0.03067250311954672,0.03067250311954672,17,10,0.05199999999999999,Unknown,False,4.29,Junior,38,Major,Low,Right,Right
141450,2013-10-02 13:31:00+00:00,-0.13176055768592004,0.13176055768592004,55,13,0.521,Unknown,False,8.41,Mid,12,Medium,Low,Right,Center
141450,2016-03-21 18:37:00+00:00,-0.13176055768592004,0.13176055768592004,55,13,0.448,Unknown,False,8.41,Mid,36,Major,Low,Center,Left
141450,2018-04-04 12:17:00+00:00,-0.13176055768592004,0.13176055768592004,55,13,,Unknown,False,8.41,Mid,0,Minor,Low,Left,
141450,2018-04-10 19:32:00+00:00,-0.13176055768592004,0.13176055768592004,55,13,,Unknown,False,8.41,Mid,39,Major,Low,,Right
141454,2016-03-01 18:33:00+00:00,0.04293366949273962,0.04293366949273962,31,23,0.659,Unknown,False,9.07,Mid,4,Minor,Low,Center,Right
141454,2018-04-11 09:41:00+00:00,0.04293366949273962,0.04293366949273962,31,23,0.126,Unknown,False,9.07,Mid,48,Major,Low,Right,Right
141454,2018-12-11 10:29:00+00:00,0.04293366949273962,0.04293366949273962,31,23,0.09700000000000009,Unknown,False,9.07,Mid,20,Medium,Low,Right,Right
141460,2007-04-23 00:00:00+00:00,-0.013686695913772196,0.013686695913772196,29,56,0.02200000000000002,Unknown,False,0.15,Junior,62,Major,Low,Right,Right
141462,2007-04-23 00:00:00+00:00,0.012952274727888236,0.012952274727888236,5,24,0.02200000000000002,Unknown,False,2.91,Junior,62,Major,Low,Right,Right
141476,2007-04-02 16:34:00+00:00,-0.03957603643132035,0.03957603643132035,12,22,0.292,Unknown,False,0.09,Junior,39,Major,Low,Right,Right
141483,2007-03-19 15:37:00+00:00,-0.007812164340531141,0.007812164340531141,11,26,0.692,Unknown,False,0.1,Junior,39,Major,Low,Left,Right
141483,2007-04-25 11:29:00+00:00,-0.007812164340531141,0.007812164340531141,11,26,0.692,Unknown,False,0.1,Junior,13,Medium,Low,Right,Left
141483,2016-03-15 20:07:00+00:00,-0.007812164340531141,0.007812164340531141,11,26,0.246,Unknown,False,0.1,Junior,19,Medium,Low,Center,Right
141486,2007-04-23 00:00:00+00:00,0.04739907881426614,0.04739907881426614,6,30,0.02200000000000002,Unknown,False,0.11,Junior,62,Major,Low,Right,Right
141490,2009-11-06 12:46:00+00:00,-0.02114807958039018,0.02114807958039018,19,9,0.653,Unknown,False,2.28,Junior,89,Major,Low,Left,Center
141490,2018-05-21 11:16:00+00:00,-0.02114807958039018,0.02114807958039018,19,9,0.0,Unknown,False,2.28,Junior,39,Major,Low,Center,Center
141495,2009-11-12 14:59:00+00:00,-0.01018698450871236,0.01018698450871236,36,98,0.02499999999999998,Unknown,False,2.22,Junior,61,Major,Low,Center,Center
141496,2007-04-23 00:00:00+00:00,-0.13529652484770668,0.13529652484770668,61,50,0.02200000000000002,Unknown,False,6.13,Mid,62,Major,Low,Right,Right
141496,2013-08-29 12:11:00+00:00,-0.13529652484770668,0.13529652484770668,61,50,0.008000000000000007,Unknown,False,6.13,Mid,41,Major,Low,Right,Right
141496,2013-10-03 16:48:00+00:00,-0.13529652484770668,0.13529652484770668,61,50,0.654,Unknown,False,6.13,Mid,12,Medium,Low,Right,Center
141500,2007-04-23 00:00:00+00:00,-0.10359647542397707,0.10359647542397707,13,14,0.02200000000000002,Unknown,False,4.3,Junior,62,Major,Low,Right,Right
141500,2011-10-26 12:03:00+00:00,-0.10359647542397707,0.10359647542397707,13,14,0.267,Unknown,False,4.3,Junior,38,Major,Low,Right,Right
141518,2013-10-01 11:49:00+00:00,-0.07856318390460972,0.07856318390460972,15,10,0.506,Unknown,False,9.7,Mid,18,Medium,Low,Left,Center
141518,2014-04-24 00:00:00+00:00,-0.07856318390460972,0.07856318390460972,15,10,0.0,Unknown,False,9.7,Mid,18,Medium,Low,Center,Center
141518,2018-12-17 15:27:00+00:00,-0.07856318390460972,0.07856318390460972,15,10,0.0,Unknown,False,9.7,Mid,2,Minor,Low,Center,Center
141530,2007-04-23 00:00:00+00:00,-0.043657148835350774,0.043657148835350774,25,41,0.02200000000000002,Unknown,False,0.195,Junior,62,Major,Low,Right,Right
141530,2010-03-03 19:33:00+00:00,-0.043657148835350774,0.043657148835350774,25,41,0.008000000000000007,Unknown,False,0.195,Junior,38,Major,Low,Right,Right
141535,2009-05-13 17:47:00+00:00,0.0031411368162276715,0.0031411368162276715,6,10,0.678,Unknown,False,1.74,Junior,61,Major,Low,Left,Center
141537,2011-10-26 12:06:00+00:00,-0.06694713980358966,0.06694713980358966,27,20,0.806,Unknown,False,4.2,Junior,38,Major,Low,Left,Right
141546,2007-04-23 00:00:00+00:00,-0.24616610444222067,0.24616610444222067,16,8,0.02200000000000002,Unknown,False,0.12,Junior,62,Major,Low,Right,Right
141552,2013-10-02 17:08:00+00:00,-0.09454588645146891,0.09454588645146891,42,29,0.557,Unknown,False,8.094999999999999,Mid,12,Medium,Low,Left,Center
141552,2015-11-19 18:18:00+00:00,-0.09454588645146891,0.09454588645146891,42,29,,Unknown,False,8.094999999999999,Mid,0,Minor,Low,Center,
141552,2016-03-11 09:46:00+00:00,-0.09454588645146891,0.09454588645146891,42,29,,Unknown,False,8.094999999999999,Mid,74,Major,Low,,Center
141552,2017-06-27 17:19:00+00:00,-0.09454588645146891,0.09454588645146891,42,29,0.607,Unknown,False,8.094999999999999,Mid,33,Major,Low,Center,Left
141552,2018-04-11 14:28:00+00:00,-0.09454588645146891,0.09454588645146891,42,29,0.607,Unknown,False,8.094999999999999,Mid,56,Major,Low,Left,Center
141552,2018-05-21 11:16:00+00:00,-0.09454588645146891,0.09454588645146891,42,29,0.0,Unknown,False,8.094999999999999,Mid,39,Major,Low,Center,Center
141555,2019-08-16 16:25:00+00:00,0.037203439124035675,0.037203439124035675,59,32,0.0,Unknown,False,12.13,Senior,25,Medium,Low,Right,Right
141558,2007-02-02 11:13:00+00:00,0.05062644147362703,0.05062644147362703,7,64,1.211,Unknown,False,9.864999999999998,Mid,35,Major,Low,Left,Right
141558,2017-08-09 20:26:00+00:00,0.05062644147362703,0.05062644147362703,7,64,0.29900000000000004,Unknown,False,9.864999999999998,Mid,6,Minor,Low,Right,Right
141558,2017-09-25 00:00:00+00:00,0.05062644147362703,0.05062644147362703,7,64,,Unknown,False,9.864999999999998,Mid,0,Minor,Low,Right,
141558,2018-04-17 19:56:00+00:00,0.05062644147362703,0.05062644147362703,7,64,,Unknown,False,9.864999999999998,Mid,48,Major,Low,,Center
141562,2018-05-21 11:16:00+00:00,0.0022612664363216087,0.0022612664363216087,8,5,0.0,Unknown,False,10.59,Senior,39,Major,Low,Center,Center
141563,2009-11-03 18:33:00+00:00,-0.040124235014536005,0.040124235014536005,49,24,0.5479999999999999,Unknown,False,2.21,Junior,15,Medium,Low,Center,Left
141563,2016-03-17 13:43:00+00:00,-0.040124235014536005,0.040124235014536005,49,24,0.9410000000000001,Unknown,False,2.21,Junior,51,Major,Low,Left,Right
141563,2018-12-11 10:29:00+00:00,-0.040124235014536005,0.040124235014536005,49,24,0.09700000000000009,Unknown,False,2.21,Junior,20,Medium,Low,Right,Right
143084,2022-04-04 14:29:00+00:00,-0.014015814392023157,0.014015814392023157,32,27,0.11600000000000002,Unknown,False,2.72,Junior,10,Medium,Low,Center,Right
143632,2013-10-08 18:03:00+00:00,0.005429177466086252,0.005429177466086252,100,11,0.557,Unknown,False,10.58,Senior,12,Medium,Low,Left,Center
143632,2015-11-18 19:10:00+00:00,0.005429177466086252,0.005429177466086252,100,11,,Unknown,False,10.58,Senior,0,Minor,Low,Center,
143632,2016-03-02 16:09:00+00:00,0.005429177466086252,0.005429177466086252,100,11,,Unknown,False,10.58,Senior,36,Major,Low,,Right
147975,2011-10-26 12:05:00+00:00,-0.08173175753240484,0.08173175753240484,46,10,0.025999999999999968,Unknown,False,4.63,Junior,38,Major,Low,Right,Right
147975,2013-10-09 11:14:00+00:00,-0.08173175753240484,0.08173175753240484,46,10,0.05199999999999999,Unknown,False,4.63,Junior,34,Major,Low,Right,Right
148134,2018-03-27 19:58:00+00:00,-0.38461722669720727,0.38461722669720727,18,11,0.259,Unknown,False,10.44,Senior,11,Medium,Low,Right,Right
149327,2007-04-23 00:00:00+00:00,0.008827021617914946,0.008827021617914946,35,20,0.02200000000000002,Unknown,False,6.28,Mid,62,Major,Low,Right,Right
149327,2013-10-02 14:11:00+00:00,0.008827021617914946,0.008827021617914946,35,20,0.646,Unknown,False,6.28,Mid,12,Medium,Low,Right,Center
150418,2009-10-07 13:49:00+00:00,0.027585367624753512,0.027585367624753512,14,10,0.0,Unknown,False,2.51,Junior,8,Minor,Low,Right,Right
150418,2019-08-16 16:25:00+00:00,0.027585367624753512,0.027585367624753512,14,10,0.0,Unknown,False,2.51,Junior,25,Medium,Low,Right,Right
151208,2013-10-02 11:12:00+00:00,-0.01814696302235925,0.01814696302235925,27,19,0.272,Unknown,False,6.35,Mid,18,Medium,Low,Right,Center
151208,2014-04-24 00:00:00+00:00,-0.01814696302235925,0.01814696302235925,27,19,0.0,Unknown,False,6.35,Mid,18,Medium,Low,Center,Center
151208,2018-04-10 20:31:00+00:00,-0.01814696302235925,0.01814696302235925,27,19,0.521,Unknown,False,6.35,Mid,48,Major,Low,Center,Right
151208,2018-12-11 10:29:00+00:00,-0.01814696302235925,0.01814696302235925,27,19,0.09700000000000009,Unknown,False,6.35,Mid,20,Medium,Low,Right,Right
154178,2007-04-23 00:00:00+00:00,0.03746164133597294,0.03746164133597294,7,16,0.02200000000000002,Unknown,False,12.41,Senior,62,Major,Low,Right,Right
154178,2019-08-16 16:25:00+00:00,0.03746164133597294,0.03746164133597294,7,16,0.0,Unknown,False,12.41,Senior,25,Medium,Low,Right,Right
154919,2007-04-23 00:00:00+00:00,-0.045182051300319534,0.045182051300319534,14,17,0.02200000000000002,Unknown,False,7.59,Mid,62,Major,Low,Right,Right
154919,2011-10-26 12:08:00+00:00,-0.045182051300319534,0.045182051300319534,14,17,0.267,Unknown,False,7.59,Mid,38,Major,Low,Right,Right
157130,2022-04-05 15:20:00+00:00,-0.3852950412461784,0.3852950412461784,5,68,0.20200000000000007,Unknown,False,2.83,Junior,2,Minor,Low,Left,Left
160318,2007-04-23 00:00:00+00:00,0.009565588562011083,0.009565588562011083,9,22,0.02200000000000002,Unknown,False,3.73,Junior,62,Major,High,Right,Right
160509,2012-11-08 00:00:00+00:00,-0.0071924025487827,0.0071924025487827,11,7,0.28400000000000003,Unknown,False,1.23,Junior,32,Major,Low,Center,Right
160511,2015-09-30 11:45:00+00:00,-0.0042442245037449325,0.0042442245037449325,121,119,0.02100000000000002,Unknown,False,4.41,Junior,5,Minor,Low,Left,Left
160511,2018-03-05 18:10:00+00:00,-0.0042442245037449325,0.0042442245037449325,121,119,0.12700000000000006,Unknown,False,4.41,Junior,36,Major,Low,Left,Left
160515,2018-05-21 11:16:00+00:00,0.017086993675947293,0.017086993675947293,12,6,0.0,Unknown,False,6.585,Mid,39,Major,Low,Center,Center
160527,2018-12-11 10:29:00+00:00,0.011256365709758125,0.011256365709758125,20,7,0.09700000000000009,Unknown,False,7.32,Mid,20,Medium,Low,Right,Right
160531,2019-08-16 16:25:00+00:00,0.005794163094436852,0.005794163094436852,8,8,0.0,Unknown,False,8.09,Mid,25,Medium,Low,Right,Right
160533,2011-10-27 16:16:00+00:00,-0.033643339164652064,0.033643339164652064,36,19,0.05199999999999999,Unknown,False,2.15,Junior,38,Major,Low,Right,Right
160533,2013-08-07 12:21:00+00:00,-0.033643339164652064,0.033643339164652064,36,19,0.05199999999999999,Unknown,False,2.15,Junior,34,Major,Low,Right,Right
160533,2013-10-09 16:19:00+00:00,-0.033643339164652064,0.033643339164652064,36,19,0.40499999999999997,Unknown,False,2.15,Junior,12,Medium,Low,Right,Center
160544,2011-10-26 12:07:00+00:00,0.003040255103281528,0.003040255103281528,28,49,0.267,Unknown,False,7.07,Mid,38,Major,Low,Right,Right
160544,2018-04-11 11:37:00+00:00,0.003040255103281528,0.003040255103281528,28,49,0.194,Unknown,False,7.07,Mid,56,Major,Low,Right,Center
160544,2018-05-21 11:16:00+00:00,0.003040255103281528,0.003040255103281528,28,49,0.0,Unknown,False,7.07,Mid,39,Major,Low,Center,Center
160546,2011-10-26 12:01:00+00:00,-0.16671357440647977,0.16671357440647977,31,20,,Unknown,False,2.28,Junior,38,Major,Low,,Right
160546,2013-10-01 17:58:00+00:00,-0.16671357440647977,0.16671357440647977,31,20,0.22,Unknown,False,2.28,Junior,18,Medium,Low,Right,Center
160546,2014-04-24 00:00:00+00:00,-0.16671357440647977,0.16671357440647977,31,20,0.0,Unknown,False,2.28,Junior,18,Medium,Low,Center,Center
160559,2018-05-21 11:16:00+00:00,0.008454996816273541,0.008454996816273541,13,8,0.0,Unknown,False,6.96,Mid,39,Major,Low,Center,Center
160563,2011-10-26 12:07:00+00:00,-0.009383810615590432,0.009383810615590432,109,96,0.267,Unknown,False,0.35,Junior,38,Major,Low,Right,Right
160576,2011-10-26 12:09:00+00:00,0.0046555136683701474,0.0046555136683701474,11,7,0.806,Unknown,False,0.7,Junior,38,Major,Low,Left,Right
160576,2013-10-07 11:21:00+00:00,0.0046555136683701474,0.0046555136683701474,11,7,0.05199999999999999,Unknown,False,0.7,Junior,8,Minor,Low,Right,Right
160596,2011-10-26 12:02:00+00:00,0.022921898572327598,0.022921898572327598,5,7,0.267,Unknown,False,6.404999999999999,Mid,38,Major,Low,Right,Right
160596,2018-04-10 17:54:00+00:00,0.022921898572327598,0.022921898572327598,5,7,0.30100000000000005,Unknown,False,6.404999999999999,Mid,48,Major,Low,Right,Right
160596,2018-12-11 10:29:00+00:00,0.022921898572327598,0.022921898572327598,5,7,0.09700000000000009,Unknown,False,6.404999999999999,Mid,20,Medium,Low,Right,Right
160600,2013-10-04 11:23:00+00:00,-0.006161364687083892,0.006161364687083892,72,61,0.099,Unknown,False,4.51,Junior,18,Medium,Low,Center,Center
160600,2014-04-24 00:00:00+00:00,-0.006161364687083892,0.006161364687083892,72,61,0.0,Unknown,False,4.51,Junior,18,Medium,Low,Center,Center
160600,2016-03-17 16:39:00+00:00,-0.006161364687083892,0.006161364687083892,72,61,0.5599999999999999,Unknown,False,4.51,Junior,14,Medium,Low,Center,Left
160600,2018-04-10 19:14:00+00:00,-0.006161364687083892,0.006161364687083892,72,61,1.073,Unknown,False,4.51,Junior,41,Major,Low,Left,Right
160600,2022-02-23 00:00:00+00:00,-0.006161364687083892,0.006161364687083892,72,61,,Unknown,False,4.51,Junior,0,Minor,Low,Right,
160601,2018-03-14 19:26:00+00:00,-0.05012251342497254,0.05012251342497254,36,33,0.272,Unknown,False,6.61,Mid,19,Medium,Low,Right,Right
160601,2020-04-30 14:49:00+00:00,-0.05012251342497254,0.05012251342497254,36,33,0.15599999999999997,Unknown,False,6.61,Mid,24,Medium,Low,Right,Right
160601,2021-08-27 14:08:00+00:00,-0.05012251342497254,0.05012251342497254,36,33,0.009000000000000008,Unknown,False,6.61,Mid,24,Medium,Low,Right,Right
160612,2011-10-26 18:08:00+00:00,0.000999968905015594,0.000999968905015594,10,6,0.726,Unknown,False,6.14,Mid,38,Major,Low,Left,Right
160612,2016-03-21 20:25:00+00:00,0.000999968905015594,0.000999968905015594,10,6,0.194,Unknown,False,6.14,Mid,74,Major,Low,Right,Center
160612,2017-09-05 18:58:00+00:00,0.000999968905015594,0.000999968905015594,10,6,0.09000000000000002,Unknown,False,6.14,Mid,15,Medium,Low,Center,Right
160612,2018-03-20 11:15:00+00:00,0.000999968905015594,0.000999968905015594,10,6,0.397,Unknown,False,6.14,Mid,41,Major,Low,Right,Right
160621,2016-03-30 20:03:00+00:00,-0.2279464730012231,0.2279464730012231,23,19,0.78,Unknown,False,4.43,Junior,36,Major,Low,Left,Right
160626,2011-11-08 16:39:00+00:00,-0.05733721290021339,0.05733721290021339,8,6,0.46099999999999997,Unknown,False,4.33,Junior,16,Medium,Low,Center,Left
160626,2013-09-11 16:10:00+00:00,-0.05733721290021339,0.05733721290021339,8,6,,Unknown,False,4.33,Junior,0,Minor,Low,Left,
160626,2013-10-01 18:33:00+00:00,-0.05733721290021339,0.05733721290021339,8,6,,Unknown,False,4.33,Junior,84,Major,Low,,Center
160632,2013-10-04 15:15:00+00:00,0.015354398633048648,0.015354398633048648,7,24,0.506,Unknown,False,9.31,Mid,18,Medium,Low,Left,Center
160632,2014-04-24 00:00:00+00:00,0.015354398633048648,0.015354398633048648,7,24,0.0,Unknown,False,9.31,Mid,18,Medium,Low,Center,Center
160632,2018-12-17 15:27:00+00:00,0.015354398633048648,0.015354398633048648,7,24,0.0,Unknown,False,9.31,Mid,2,Minor,Low,Center,Center
160636,2013-10-08 19:11:00+00:00,0.018719799554530014,0.018719799554530014,13,24,0.22200000000000003,Unknown,False,2.28,Junior,21,Medium,Low,Center,Right
160637,2013-10-02 15:21:00+00:00,0.05560353691638434,0.05560353691638434,17,10,0.40499999999999997,Unknown,False,2.3200000000000003,Junior,12,Medium,Low,Right,Center
160637,2018-04-06 17:49:00+00:00,0.05560353691638434,0.05560353691638434,17,10,0.24900000000000003,Unknown,False,2.3200000000000003,Junior,19,Medium,Low,Center,Right
160643,2013-10-02 15:45:00+00:00,-0.05917001263860869,0.05917001263860869,51,18,0.373,Unknown,False,4.2,Junior,12,Medium,Low,Left,Center
160643,2016-03-10 09:58:00+00:00,-0.05917001263860869,0.05917001263860869,51,18,,Unknown,False,4.2,Junior,0,Minor,Low,Center,
160643,2018-04-04 11:29:00+00:00,-0.05917001263860869,0.05917001263860869,51,18,,Unknown,False,4.2,Junior,13,Medium,Low,,Center
160643,2018-12-17 15:27:00+00:00,-0.05917001263860869,0.05917001263860869,51,18,0.0,Unknown,False,4.2,Junior,2,Minor,Low,Center,Center
160653,2018-03-26 14:22:00+00:00,-0.028355685461840814,0.028355685461840814,44,41,0.536,Unknown,False,6.71,Mid,19,Medium,Low,Left,Right
160653,2022-03-30 17:16:00+00:00,-0.028355685461840814,0.028355685461840814,44,41,0.15599999999999997,Unknown,False,6.71,Mid,37,Major,Low,Right,Right
160661,2013-10-08 16:30:00+00:00,0.014902407707113152,0.014902407707113152,18,11,0.256,Unknown,False,2.34,Junior,12,Medium,Low,Right,Center
160665,2013-10-01 16:05:00+00:00,-0.09447206730929258,0.09447206730929258,54,34,0.513,Unknown,False,2.61,Junior,18,Medium,Low,Right,Center
160665,2014-04-24 00:00:00+00:00,-0.09447206730929258,0.09447206730929258,54,34,0.0,Unknown,False,2.61,Junior,18,Medium,Low,Center,Center
160665,2018-12-17 15:27:00+00:00,-0.09447206730929258,0.09447206730929258,54,34,0.0,Unknown,False,2.61,Junior,2,Minor,Low,Center,Center
160665,2022-03-24 13:08:00+00:00,-0.09447206730929258,0.09447206730929258,54,34,0.272,Unknown,False,2.61,Junior,37,Major,Low,Center,Right
160667,2011-10-26 18:11:00+00:00,-0.00382777205056873,0.00382777205056873,6,17,0.64,Unknown,False,1.81,Junior,38,Major,Low,Left,Right
160667,2013-08-06 17:27:00+00:00,-0.00382777205056873,0.00382777205056873,6,17,0.30100000000000005,Unknown,False,1.81,Junior,41,Major,Low,Right,Right
160667,2018-12-11 10:29:00+00:00,-0.00382777205056873,0.00382777205056873,6,17,0.09700000000000009,Unknown,False,1.81,Junior,20,Medium,Low,Right,Right
160673,2016-06-28 19:25:00+00:00,-0.13464432665174045,0.13464432665174045,36,73,,Unknown,False,4.904999999999999,Junior,0,Minor,Low,Left,
160673,2016-07-12 16:02:00+00:00,-0.13464432665174045,0.13464432665174045,36,73,,Unknown,False,4.904999999999999,Junior,39,Major,Low,,Right
160673,2019-05-22 17:05:00+00:00,-0.13464432665174045,0.13464432665174045,36,73,0.009000000000000008,Unknown,False,4.904999999999999,Junior,26,Medium,Low,Right,Right
160674,2018-04-06 14:11:00+00:00,-0.036936672361866894,0.036936672361866894,8,17,0.246,Unknown,False,7.02,Mid,21,Medium,Low,Center,Right
160674,2019-08-16 16:25:00+00:00,-0.036936672361866894,0.036936672361866894,8,17,0.0,Unknown,False,7.02,Mid,25,Medium,Low,Right,Right
160677,2016-03-18 10:07:00+00:00,-0.04481181659630045,0.04481181659630045,16,17,0.24100000000000005,Unknown,False,4.640000000000001,Junior,32,Major,Low,Right,Right
160974,2011-10-26 12:04:00+00:00,-0.0061148512327764415,0.0061148512327764415,17,16,0.267,Unknown,False,36.42,Senior,38,Major,Low,Right,Right
161550,2022-04-01 14:59:00+00:00,-0.00645791823231482,0.00645791823231482,9,10,0.862,Unknown,False,2.64,Junior,58,Major,Low,Left,Right
161904,2013-10-02 17:02:00+00:00,-0.013188784374156208,0.013188784374156208,44,25,0.12099999999999998,Unknown,False,2.17,Junior,12,Medium,Low,Center,Center
162332,2013-10-07 10:52:00+00:00,-0.058417263097611395,0.058417263097611395,14,8,0.28400000000000003,Unknown,False,2.36,Junior,34,Major,Low,Center,Right
162332,2019-05-22 17:05:00+00:00,-0.058417263097611395,0.058417263097611395,14,8,0.009000000000000008,Unknown,False,2.36,Junior,26,Medium,Low,Right,Right
162332,2022-03-24 16:58:00+00:00,-0.058417263097611395,0.058417263097611395,14,8,0.034999999999999976,Unknown,False,2.36,Junior,44,Major,Low,Right,Right
164360,2019-04-05 00:00:00+00:00,-0.1996244666315293,0.1996244666315293,52,34,0.27799999999999997,Unknown,False,7.76,Mid,8,Minor,Low,Left,Center
168175,2013-10-02 16:55:00+00:00,-0.06289105458540561,0.06289105458540561,111,32,0.5599999999999999,Unknown,False,2.42,Junior,18,Medium,Low,Left,Center
168175,2014-04-24 00:00:00+00:00,-0.06289105458540561,0.06289105458540561,111,32,0.0,Unknown,False,2.42,Junior,18,Medium,Low,Center,Center
177282,2014-05-08 16:29:00+00:00,-0.2710399347578079,0.2710399347578079,38,16,0.08599999999999997,Unknown,False,10.85,Senior,17,Medium,Low,Left,Left
177282,2022-04-01 15:27:00+00:00,-0.2710399347578079,0.2710399347578079,38,16,0.752,Unknown,False,10.85,Senior,44,Major,Low,Left,Right
178829,2019-05-22 17:05:00+00:00,0.031122583516001338,0.031122583516001338,12,34,0.009000000000000008,Unknown,False,3.855,Junior,26,Medium,Low,Right,Right
178842,2015-10-21 17:27:00+00:00,-0.0004100376331431922,0.0004100376331431922,48,32,0.581,Unknown,False,0.35,Junior,30,Major,Low,Center,Left
178843,2018-04-12 12:00:00+00:00,-0.02746301577020964,0.02746301577020964,11,19,0.194,Unknown,False,6.5600000000000005,Mid,39,Major,Low,Center,Right
178843,2022-04-05 13:09:00+00:00,-0.02746301577020964,0.02746301577020964,11,19,0.17799999999999994,Unknown,False,6.5600000000000005,Mid,45,Major,Low,Right,Right
178852,2016-03-29 18:06:00+00:00,-0.07962091955446507,0.07962091955446507,5,14,0.16800000000000004,Unknown,False,0.51,Junior,36,Major,Low,Right,Right
178861,2018-12-11 10:29:00+00:00,0.0008360337562258874,0.0008360337562258874,6,10,0.09700000000000009,Unknown,False,3.295,Junior,20,Medium,Low,Right,Right
178868,2016-03-10 12:31:00+00:00,-0.006312415494674754,0.006312415494674754,35,31,0.554,Unknown,False,12.05,Senior,9,Minor,Low,Left,Center
178868,2017-05-24 19:23:00+00:00,-0.006312415494674754,0.006312415494674754,35,31,0.448,Unknown,False,12.05,Senior,33,Major,Low,Center,Left
178869,2018-04-06 12:08:00+00:00,-0.0406890187527219,0.0406890187527219,39,31,0.159,Unknown,False,2.59,Junior,10,Medium,Low,Center,Center
178870,2016-03-18 15:05:00+00:00,-0.04320516909006834,0.04320516909006834,19,8,0.49500000000000005,Unknown,False,0.65,Junior,51,Major,Low,Center,Right
178870,2018-12-11 10:29:00+00:00,-0.04320516909006834,0.04320516909006834,19,8,0.09700000000000009,Unknown,False,0.65,Junior,20,Medium,Low,Right,Right
178871,2018-04-10 14:47:00+00:00,0.008210141288802278,0.008210141288802278,101,54,0.9410000000000001,Unknown,False,2.84,Junior,48,Major,Low,Left,Right
178871,2018-12-11 10:29:00+00:00,0.008210141288802278,0.008210141288802278,101,54,0.09700000000000009,Unknown,False,2.84,Junior,20,Medium,Low,Right,Right
178872,2018-03-27 18:45:00+00:00,-0.018518568638690024,0.018518568638690024,12,60,0.20999999999999996,Unknown,False,2.4699999999999998,Junior,12,Medium,Low,Left,Left
178881,2015-11-24 16:33:00+00:00,-0.017741930070196303,0.017741930070196303,20,18,,Unknown,False,4.24,Junior,0,Minor,Low,,
178881,2016-02-03 16:26:00+00:00,-0.017741930070196303,0.017741930070196303,20,18,,Unknown,False,4.24,Junior,0,Minor,Low,,
178881,2017-05-19 00:00:00+00:00,-0.017741930070196303,0.017741930070196303,20,18,,Unknown,False,4.24,Junior,15,Medium,Low,,Right
178881,2019-09-04 18:54:00+00:00,-0.017741930070196303,0.017741930070196303,20,18,0.272,Unknown,False,4.24,Junior,7,Minor,Low,Right,Right
178881,2023-01-10 00:00:00+00:00,-0.017741930070196303,0.017741930070196303,20,18,0.11600000000000005,Unknown,False,4.24,Junior,0,Minor,Low,Right,Right
178883,2015-10-05 16:24:00+00:00,-0.129480005016278,0.129480005016278,69,28,0.14800000000000008,Unknown,False,0.31,Junior,5,Minor,Low,Left,Left
178883,2016-04-04 17:39:00+00:00,-0.129480005016278,0.129480005016278,69,28,0.14800000000000008,Unknown,False,0.31,Junior,14,Medium,Low,Left,Left
178887,2022-03-31 14:34:00+00:00,-0.01786779596950855,0.01786779596950855,47,43,0.20999999999999996,Unknown,False,6.79,Mid,53,Major,Low,Left,Left
178888,2015-11-18 19:20:00+00:00,-0.059974520646968815,0.059974520646968815,29,16,,Unknown,False,2.5,Junior,0,Minor,Low,Left,
178888,2016-03-01 15:52:00+00:00,-0.059974520646968815,0.059974520646968815,29,16,,Unknown,False,2.5,Junior,36,Major,Low,,Right
178888,2018-04-10 11:06:00+00:00,-0.059974520646968815,0.059974520646968815,29,16,0.194,Unknown,False,2.5,Junior,56,Major,Low,Right,Center
178888,2018-05-21 11:16:00+00:00,-0.059974520646968815,0.059974520646968815,29,16,0.0,Unknown,False,2.5,Junior,39,Major,Low,Center,Center
178898,2018-04-04 17:07:00+00:00,0.007034904829731466,0.007034904829731466,12,16,0.853,Unknown,False,2.625,Junior,33,Major,Low,Left,Right
178914,2015-12-16 14:24:00+00:00,-0.03054870296092159,0.03054870296092159,16,9,,Unknown,False,0.76,Junior,0,Minor,Low,Right,
178914,2016-03-10 09:15:00+00:00,-0.03054870296092159,0.03054870296092159,16,9,,Unknown,False,0.76,Junior,4,Minor,Low,,Right
178914,2016-03-16 19:41:00+00:00,-0.03054870296092159,0.03054870296092159,16,9,0.09899999999999998,Unknown,False,0.76,Junior,26,Medium,Low,Right,Right
178914,2017-09-25 15:44:00+00:00,-0.03054870296092159,0.03054870296092159,16,9,0.09899999999999998,Unknown,False,0.76,Junior,6,Minor,Low,Right,Right
178914,2017-09-25 18:02:00+00:00,-0.03054870296092159,0.03054870296092159,16,9,,Unknown,False,0.76,Junior,0,Minor,Low,Right,
178916,2018-04-03 16:14:00+00:00,-0.12383172684233704,0.12383172684233704,56,100,0.5479999999999999,Unknown,False,3.07,Junior,9,Minor,Low,Center,Left
178916,2019-04-05 00:00:00+00:00,-0.12383172684233704,0.12383172684233704,56,100,0.27799999999999997,Unknown,False,3.07,Junior,8,Minor,Low,Left,Center
178927,2015-09-30 16:08:00+00:00,-0.05937202189837863,0.05937202189837863,113,124,0.18899999999999995,Unknown,False,2.54,Junior,5,Minor,Low,Left,Left
178927,2018-03-06 17:03:00+00:00,-0.05937202189837863,0.05937202189837863,113,124,0.12700000000000006,Unknown,False,2.54,Junior,36,Major,Low,Left,Left
178927,2022-04-06 13:11:00+00:00,-0.05937202189837863,0.05937202189837863,113,124,0.16099999999999998,Unknown,False,2.54,Junior,6,Minor,Low,Left,Left
178937,2016-03-17 10:03:00+00:00,0.011994427399938112,0.011994427399938112,9,18,,Unknown,False,2.5,Junior,0,Minor,Low,Right,
178937,2016-03-18 10:06:00+00:00,0.011994427399938112,0.011994427399938112,9,18,,Unknown,False,2.5,Junior,74,Major,Low,,Center
178937,2018-03-20 17:03:00+00:00,0.011994427399938112,0.011994427399938112,9,18,0.246,Unknown,False,2.5,Junior,33,Major,Low,Center,Right
178937,2019-05-22 17:05:00+00:00,0.011994427399938112,0.011994427399938112,9,18,0.009000000000000008,Unknown,False,2.5,Junior,26,Medium,Low,Right,Right
178945,2019-08-16 16:25:00+00:00,-0.039188098070488744,0.039188098070488744,11,12,0.0,Unknown,False,4.22,Junior,25,Medium,Low,Right,Right
178946,2018-04-06 16:30:00+00:00,-0.03994805202958712,0.03994805202958712,34,37,0.246,Unknown,False,2.77,Junior,33,Major,Low,Center,Right
178946,2019-05-22 17:05:00+00:00,-0.03994805202958712,0.03994805202958712,34,37,0.009000000000000008,Unknown,False,2.77,Junior,26,Medium,Low,Right,Right
178947,2016-03-22 17:08:00+00:00,-0.05946459086588517,0.05946459086588517,30,58,0.29300000000000004,Unknown,False,0.66,Junior,32,Major,Low,Right,Right
178947,2022-02-23 00:00:00+00:00,-0.05946459086588517,0.05946459086588517,30,58,,Unknown,False,0.66,Junior,0,Minor,Low,Right,
178947,2022-03-18 10:20:00+00:00,-0.05946459086588517,0.05946459086588517,30,58,,Unknown,False,0.66,Junior,58,Major,Low,,Right
178951,2015-12-01 11:13:00+00:00,0.0030143940125867035,0.0030143940125867035,12,6,,Unknown,False,0.48,Junior,0,Minor,Low,Center,
178951,2015-12-09 11:30:00+00:00,0.0030143940125867035,0.0030143940125867035,12,6,,Unknown,False,0.48,Junior,30,Major,Low,,Left
178953,2016-03-15 19:25:00+00:00,-0.00529270334470849,0.00529270334470849,11,8,0.22,Unknown,False,0.595,Junior,36,Major,Low,Center,Right
178954,2018-05-21 11:16:00+00:00,-0.044806268374981,0.044806268374981,9,5,0.0,Unknown,False,2.67,Junior,39,Major,Low,Center,Center
178965,2015-10-01 10:53:00+00:00,-0.03809374388787127,0.03809374388787127,27,7,0.18899999999999995,Unknown,False,0.28500000000000003,Junior,5,Minor,Low,Left,Left
178972,2019-04-05 00:00:00+00:00,-0.6002059139412796,0.6002059139412796,22,6,0.27799999999999997,Unknown,False,6.93,Mid,8,Minor,Low,Left,Center
178978,2018-03-21 10:56:00+00:00,-0.04950310750445054,0.04950310750445054,23,23,0.9690000000000001,Unknown,False,2.61,Junior,12,Medium,Low,Left,Right
178981,2018-04-11 11:24:00+00:00,-0.10719036843587137,0.10719036843587137,40,9,0.194,Unknown,False,2.73,Junior,56,Major,Low,Right,Center
178981,2018-05-21 11:16:00+00:00,-0.10719036843587137,0.10719036843587137,40,9,0.0,Unknown,False,2.73,Junior,39,Major,Low,Center,Center
178981,2022-03-30 18:37:00+00:00,-0.10719036843587137,0.10719036843587137,40,9,0.03999999999999998,Unknown,False,2.73,Junior,37,Major,Low,Right,Right
178983,2019-05-22 17:05:00+00:00,0.0160349425696118,0.0160349425696118,20,51,0.009000000000000008,Unknown,False,4.17,Junior,26,Medium,Low,Right,Right
178993,2015-11-24 19:14:00+00:00,-0.042555069415804336,0.042555069415804336,124,24,,Unknown,False,0.76,Junior,0,Minor,Low,Center,
178993,2016-03-09 15:37:00+00:00,-0.042555069415804336,0.042555069415804336,124,24,,Unknown,False,0.76,Junior,0,Minor,Low,,
178993,2017-05-19 00:00:00+00:00,-0.042555069415804336,0.042555069415804336,124,24,,Unknown,False,0.76,Junior,15,Medium,Low,,Right
178993,2018-04-06 11:28:00+00:00,-0.042555069415804336,0.042555069415804336,124,24,0.397,Unknown,False,0.76,Junior,41,Major,Low,Right,Right
178993,2022-02-23 00:00:00+00:00,-0.042555069415804336,0.042555069415804336,124,24,,Unknown,False,0.76,Junior,0,Minor,Low,Right,
178993,2022-02-25 00:00:00+00:00,-0.042555069415804336,0.042555069415804336,124,24,,Unknown,False,0.76,Junior,37,Major,Low,,Right
178993,2022-04-05 11:18:00+00:00,-0.042555069415804336,0.042555069415804336,124,24,,Unknown,False,0.76,Junior,0,Minor,Low,Right,
178997,2016-03-21 16:39:00+00:00,-0.20583369959615147,0.20583369959615147,23,20,0.586,Unknown,False,2.64,Junior,74,Major,Low,Left,Center
178997,2018-05-21 11:16:00+00:00,-0.20583369959615147,0.20583369959615147,23,20,0.0,Unknown,False,2.64,Junior,39,Major,Low,Center,Center
178997,2022-04-19 11:14:00+00:00,-0.20583369959615147,0.20583369959615147,23,20,,Unknown,False,2.64,Junior,0,Minor,Low,Right,
178998,2016-03-21 19:11:00+00:00,-0.06633716391973928,0.06633716391973928,50,21,0.16800000000000004,Unknown,False,0.65,Junior,36,Major,Low,Right,Right
181316,2015-10-07 16:18:00+00:00,-0.005226074745388467,0.005226074745388467,9,7,0.01200000000000001,Unknown,False,0.68,Junior,51,Major,Low,Center,Center
181316,2018-04-05 17:27:00+00:00,-0.005226074745388467,0.005226074745388467,9,7,0.569,Unknown,False,0.68,Junior,36,Major,Low,Center,Left
186775,2015-11-18 12:48:00+00:00,-0.010460726594262249,0.010460726594262249,7,8,,Unknown,False,10.74,Senior,0,Minor,Low,Right,
186775,2015-12-09 15:37:00+00:00,-0.010460726594262249,0.010460726594262249,7,8,,Unknown,False,10.74,Senior,4,Minor,Low,,Right
186775,2016-03-22 15:08:00+00:00,-0.010460726594262249,0.010460726594262249,7,8,0.29900000000000004,Unknown,False,10.74,Senior,51,Major,Low,Right,Right
186775,2018-12-11 10:29:00+00:00,-0.010460726594262249,0.010460726594262249,7,8,0.09700000000000009,Unknown,False,10.74,Senior,20,Medium,Low,Right,Right
187008,2017-06-29 15:54:00+00:00,0.037719566267889915,0.037719566267889915,10,49,0.15599999999999997,Unknown,False,2.02,Junior,15,Medium,Low,Right,Right
195143,2018-03-13 18:17:00+00:00,-0.01851197138830235,0.01851197138830235,25,19,0.159,Unknown,False,2.58,Junior,10,Medium,Low,Center,Center
200153,2018-05-21 11:16:00+00:00,0.01622474161770414,0.01622474161770414,21,10,0.0,Unknown,False,3.13,Junior,39,Major,Low,Center,Center
204353,2019-08-16 16:25:00+00:00,-0.0076733825455675385,0.0076733825455675385,10,8,0.0,Unknown,False,0.16999999999999998,Junior,25,Medium,Low,Right,Right
204355,2019-04-05 00:00:00+00:00,-0.39555266073793066,0.39555266073793066,17,35,0.27799999999999997,Unknown,False,0.11,Junior,8,Minor,Low,Left,Center
204355,2022-03-21 17:54:00+00:00,-0.39555266073793066,0.39555266073793066,17,35,0.706,Unknown,False,0.11,Junior,45,Major,Low,Center,Right
204364,2022-04-13 12:19:00+00:00,-0.01715211531350655,0.01715211531350655,77,31,0.281,Unknown,False,2.715,Junior,58,Major,Low,Center,Right
204369,2022-02-23 00:00:00+00:00,-0.3842720203329155,0.3842720203329155,11,8,,Unknown,False,2.79,Junior,0,Minor,Low,Right,
204369,2022-03-22 14:58:00+00:00,-0.3842720203329155,0.3842720203329155,11,8,,Unknown,False,2.79,Junior,58,Major,Low,,Right
204373,2019-08-16 16:25:00+00:00,-0.013921729384924406,0.013921729384924406,8,18,0.0,Unknown,False,16.02,Senior,25,Medium,Low,Right,Right
204373,2022-03-30 17:56:00+00:00,-0.013921729384924406,0.013921729384924406,8,18,0.025999999999999968,Unknown,False,16.02,Senior,44,Major,Low,Right,Right
204374,2019-02-04 00:00:00+00:00,-0.029888650292988886,0.029888650292988886,20,44,,Unknown,False,5.04,Mid,55,Major,Low,,Right
204374,2022-02-23 00:00:00+00:00,-0.029888650292988886,0.029888650292988886,20,44,,Unknown,False,5.04,Mid,0,Minor,Low,Right,
204374,2022-03-30 00:00:00+00:00,-0.029888650292988886,0.029888650292988886,20,44,,Unknown,False,5.04,Mid,58,Major,Low,,Right
204377,2019-04-05 00:00:00+00:00,-0.6348484457277903,0.6348484457277903,12,7,0.27799999999999997,Unknown,False,0.09,Junior,8,Minor,Low,Left,Center
204378,2022-02-23 00:00:00+00:00,-0.04729123463580389,0.04729123463580389,28,40,,Unknown,False,2.6,Junior,0,Minor,Low,Right,
204378,2022-03-15 13:35:00+00:00,-0.04729123463580389,0.04729123463580389,28,40,,Unknown,False,2.6,Junior,58,Major,Low,,Right
204381,2022-02-23 00:00:00+00:00,-0.04009703160003331,0.04009703160003331,7,22,,Unknown,False,2.2,Junior,0,Minor,Low,Right,
204381,2022-03-08 10:30:00+00:00,-0.04009703160003331,0.04009703160003331,7,22,,Unknown,False,2.2,Junior,37,Major,Low,,Right
204383,2022-04-22 16:06:00+00:00,-0.05038165382378691,0.05038165382378691,22,29,0.16099999999999998,Unknown,False,2.62,Junior,28,Medium,Low,Left,Left
204388,2022-02-23 00:00:00+00:00,-0.05274870044747115,0.05274870044747115,81,51,,Unknown,False,2.39,Junior,0,Minor,Low,Right,
204388,2022-02-25 00:00:00+00:00,-0.05274870044747115,0.05274870044747115,81,51,,Unknown,False,2.39,Junior,58,Major,Low,,Right
204391,2022-04-11 15:09:00+00:00,0.023041403358009676,0.023041403358009676,53,18,0.30799999999999994,Unknown,False,2.665,Junior,45,Major,Low,Right,Right
204414,2019-08-16 16:25:00+00:00,-0.045985163434856806,0.045985163434856806,14,8,0.0,Unknown,False,0.3,Junior,25,Medium,Low,Right,Right
204433,2019-04-05 00:00:00+00:00,-0.34799492400660237,0.34799492400660237,7,23,0.27799999999999997,Unknown,False,0.07,Junior,8,Minor,Low,Left,Center
204433,2022-03-01 18:59:00+00:00,-0.34799492400660237,0.34799492400660237,7,23,0.528,Unknown,False,0.07,Junior,44,Major,Low,Center,Right
204441,2022-04-05 17:54:00+00:00,-0.039120346627885945,0.039120346627885945,86,77,0.15600000000000003,Unknown,False,2.66,Junior,29,Medium,Low,Right,Right
204455,2022-02-23 00:00:00+00:00,0.009456296021634406,0.009456296021634406,84,142,,Unknown,False,2.7,Junior,0,Minor,Low,Right,
204455,2022-03-08 16:14:00+00:00,0.009456296021634406,0.009456296021634406,84,142,,Unknown,False,2.7,Junior,0,Minor,Low,,
204455,2022-03-10 10:10:00+00:00,0.009456296021634406,0.009456296021634406,84,142,,Unknown,False,2.7,Junior,58,Major,Low,,Right
204460,2022-02-23 00:00:00+00:00,-0.044310849667813346,0.044310849667813346,16,13,,Unknown,False,2.41,Junior,0,Minor,Low,Right,
204460,2022-03-15 21:11:00+00:00,-0.044310849667813346,0.044310849667813346,16,13,,Unknown,False,2.41,Junior,58,Major,Low,,Right
204466,2022-04-06 12:17:00+00:00,-0.015408948978647294,0.015408948978647294,11,9,0.258,Unknown,False,2.74,Junior,44,Major,Low,Center,Right
204473,2022-02-23 00:00:00+00:00,-0.030197669393254106,0.030197669393254106,33,38,,Unknown,False,2.59,Junior,0,Minor,Low,Right,
204473,2022-03-23 16:59:00+00:00,-0.030197669393254106,0.030197669393254106,33,38,,Unknown,False,2.59,Junior,58,Major,Low,,Right
204481,2019-05-22 17:05:00+00:00,-0.0046927858112762386,0.0046927858112762386,24,5,0.009000000000000008,Unknown,False,0.195,Junior,26,Medium,Low,Right,Right
204514,2022-02-23 00:00:00+00:00,-0.10193318053849851,0.10193318053849851,67,47,,Unknown,False,2.5,Junior,0,Minor,Low,Right,
204514,2022-03-22 14:58:00+00:00,-0.10193318053849851,0.10193318053849851,67,47,,Unknown,False,2.5,Junior,58,Major,Low,,Right
204520,2022-02-23 00:00:00+00:00,-0.004155023981684103,0.004155023981684103,8,12,,Unknown,False,2.565,Junior,0,Minor,Low,Right,
204520,2022-03-17 15:42:00+00:00,-0.004155023981684103,0.004155023981684103,8,12,,Unknown,False,2.565,Junior,58,Major,Low,,Right
204534,2021-09-28 19:32:00+00:00,-0.016772083615513782,0.016772083615513782,11,9,0.07500000000000001,Unknown,False,4.56,Junior,32,Major,Low,Left,Left
204544,2019-08-21 11:25:00+00:00,-0.07245786530531959,0.07245786530531959,151,77,,Unknown,False,0.28,Junior,0,Minor,Low,Right,
204544,2019-08-21 19:58:00+00:00,-0.07245786530531959,0.07245786530531959,151,77,,Unknown,False,0.28,Junior,36,Major,Low,,Center
204544,2022-10-27 17:16:00+00:00,-0.07245786530531959,0.07245786530531959,151,77,0.12099999999999998,Unknown,False,0.28,Junior,9,Minor,Low,Center,Center
204545,2022-02-23 00:00:00+00:00,-0.015648702752915272,0.015648702752915272,31,26,,Unknown,False,2.63,Junior,0,Minor,Low,Right,
204545,2022-02-25 00:00:00+00:00,-0.015648702752915272,0.015648702752915272,31,26,,Unknown,False,2.63,Junior,37,Major,Low,,Right
204546,2022-02-23 00:00:00+00:00,-0.011794804109866348,0.011794804109866348,9,25,,Unknown,False,2.26,Junior,0,Minor,Low,Right,
204546,2022-03-15 18:48:00+00:00,-0.011794804109866348,0.011794804109866348,9,25,,Unknown,False,2.26,Junior,29,Medium,Low,,Center
204556,2019-05-22 17:05:00+00:00,-0.04329302889003524,0.04329302889003524,23,54,0.009000000000000008,Unknown,False,0.11,Junior,26,Medium,Low,Right,Right
204556,2022-02-25 00:00:00+00:00,-0.04329302889003524,0.04329302889003524,23,54,0.034999999999999976,Unknown,False,0.11,Junior,44,Major,Low,Right,Right
204572,2019-08-16 16:25:00+00:00,-0.03318363892242581,0.03318363892242581,56,48,0.0,Unknown,False,0.28,Junior,25,Medium,Low,Right,Right
204572,2022-03-15 13:34:00+00:00,-0.03318363892242581,0.03318363892242581,56,48,0.009000000000000008,Unknown,False,0.28,Junior,58,Major,Low,Right,Right
204576,2019-08-16 16:25:00+00:00,-0.009969854592874125,0.009969854592874125,9,13,0.0,Unknown,False,0.15,Junior,25,Medium,Low,Right,Right
204576,2022-04-04 16:24:00+00:00,-0.009969854592874125,0.009969854592874125,9,13,0.009000000000000008,Unknown,False,0.15,Junior,58,Major,Low,Right,Right
213274,2022-04-06 10:35:00+00:00,-0.035003972167051076,0.035003972167051076,24,13,0.827,Unknown,False,2.62,Junior,44,Major,Low,Left,Right
4927,2007-04-23 00:00:00+00:00,0.024473268916030466,0.024473268916030466,15,84,0.02200000000000002,Unknown,False,0.09,Junior,62,Major,Low,Right,Right
4930,2009-11-03 18:32:00+00:00,-0.0031966553860988817,0.0031966553860988817,263,122,,Unknown,False,8.54,Mid,23,Medium,Low,,Right
4930,2013-10-08 17:07:00+00:00,-0.0031966553860988817,0.0031966553860988817,263,122,0.265,Unknown,False,8.54,Mid,15,Medium,Low,Right,Right
4930,2015-12-08 11:00:00+00:00,-0.0031966553860988817,0.0031966553860988817,263,122,0.16600000000000004,Unknown,False,8.54,Mid,4,Minor,Low,Right,Right
4930,2017-09-25 00:00:00+00:00,-0.0031966553860988817,0.0031966553860988817,263,122,,Unknown,False,8.54,Mid,0,Minor,Low,Right,
4931,2007-04-23 00:00:00+00:00,-0.009434806181057506,0.009434806181057506,158,133,0.02200000000000002,Unknown,False,5.24,Mid,62,Major,Low,Right,Right
4931,2008-04-29 16:06:00+00:00,-0.009434806181057506,0.009434806181057506,158,133,0.525,Unknown,False,5.24,Mid,55,Major,Low,Right,Center
4931,2012-10-16 12:01:00+00:00,-0.009434806181057506,0.009434806181057506,158,133,0.28400000000000003,Unknown,False,5.24,Mid,53,Major,Low,Right,Center
62881,2015-09-24 16:26:00+00:00,-0.044246163693458546,0.044246163693458546,46,43,0.607,Unknown,False,10.3,Senior,30,Major,Low,Center,Left
62881,2017-11-07 16:49:00+00:00,-0.044246163693458546,0.044246163693458546,46,43,,Unknown,False,10.3,Senior,0,Minor,Low,Left,
62881,2017-12-11 17:54:00+00:00,-0.044246163693458546,0.044246163693458546,46,43,,Unknown,False,10.3,Senior,28,Medium,Low,,Right
62881,2018-04-11 16:40:00+00:00,-0.044246163693458546,0.044246163693458546,46,43,0.525,Unknown,False,10.3,Senior,48,Major,Low,Right,Center
62881,2022-04-11 10:49:00+00:00,-0.044246163693458546,0.044246163693458546,46,43,,Unknown,False,10.3,Senior,0,Minor,Low,Center,
64960,2003-09-17 17:49:00+00:00,-0.08079305885382992,0.08079305885382992,60,31,0.55,Unknown,False,2.36,Junior,22,Medium,Low,Center,Left
64960,2005-10-06 16:56:00+00:00,-0.08079305885382992,0.08079305885382992,60,31,0.138,Unknown,False,2.36,Junior,28,Medium,Low,Left,Left
64960,2018-04-11 15:33:00+00:00,-0.08079305885382992,0.08079305885382992,60,31,0.607,Unknown,False,2.36,Junior,56,Major,Low,Left,Center
64960,2018-05-21 11:16:00+00:00,-0.08079305885382992,0.08079305885382992,60,31,0.0,Unknown,False,2.36,Junior,39,Major,Low,Center,Center
65551,2003-09-11 17:57:00+00:00,-0.05052367547653215,0.05052367547653215,71,67,1.279,Unknown,False,22.08,Senior,48,Major,Low,Left,Right
65551,2005-10-10 16:00:00+00:00,-0.05052367547653215,0.05052367547653215,71,67,1.0270000000000001,Unknown,False,22.08,Senior,20,Medium,Low,Right,Left
65987,2003-02-01 10:55:00+00:00,-0.05167367623868477,0.05167367623868477,7,14,,Unknown,False,17.37,Senior,0,Minor,Low,Center,
65987,2003-10-15 15:07:00+00:00,-0.05167367623868477,0.05167367623868477,7,14,,Unknown,False,17.37,Senior,98,Major,Low,,Left
65987,2005-02-13 13:34:00+00:00,-0.05167367623868477,0.05167367623868477,7,14,0.9440000000000001,Unknown,False,17.37,Senior,91,Major,Low,Left,Center
65987,2005-02-22 13:03:00+00:00,-0.05167367623868477,0.05167367623868477,7,14,,Unknown,False,17.37,Senior,0,Minor,Low,Center,
65987,2005-02-28 11:11:00+00:00,-0.05167367623868477,0.05167367623868477,7,14,,Unknown,False,17.37,Senior,91,Major,Low,,Center
67138,2018-12-11 10:29:00+00:00,-0.033516396210111266,0.033516396210111266,15,24,0.09700000000000009,Unknown,False,7.27,Mid,20,Medium,Low,Right,Right
68731,2013-10-02 17:04:00+00:00,0.027592740580387354,0.027592740580387354,36,19,0.272,Unknown,False,2.3899999999999997,Junior,18,Medium,Low,Right,Center
68731,2014-04-24 00:00:00+00:00,0.027592740580387354,0.027592740580387354,36,19,0.0,Unknown,False,2.3899999999999997,Junior,18,Medium,Low,Center,Center
69871,2017-05-19 00:00:00+00:00,0.014025107242130578,0.014025107242130578,9,77,,Unknown,False,15.645,Senior,15,Medium,Low,,Right
69871,2022-04-05 12:29:00+00:00,0.014025107242130578,0.014025107242130578,9,77,0.536,Unknown,False,15.645,Senior,6,Minor,Low,Right,Left
72912,2018-03-09 11:55:00+00:00,-0.018458816336612602,0.018458816336612602,56,59,,Unknown,False,2.61,Junior,0,Minor,Low,Center,
72912,2018-03-13 16:54:00+00:00,-0.018458816336612602,0.018458816336612602,56,59,,Unknown,False,2.61,Junior,63,Major,Low,,Left
73416,2003-08-25 17:42:00+00:00,-0.050592824212798745,0.050592824212798745,55,60,0.782,Unknown,False,12.32,Senior,83,Major,Low,Left,Center
73424,2003-06-02 00:00:00+00:00,-0.056410064902722046,0.056410064902722046,70,64,0.11499999999999999,Unknown,False,39.17,Senior,48,Major,Low,Right,Right
73424,2018-12-11 10:29:00+00:00,-0.056410064902722046,0.056410064902722046,70,64,0.09700000000000009,Unknown,False,39.17,Senior,20,Medium,Low,Right,Right
73434,2018-04-03 18:44:00+00:00,0.017871952759772332,0.017871952759772332,28,19,0.398,Unknown,False,30.52,Senior,48,Major,Low,Right,Right
73434,2018-12-11 10:29:00+00:00,0.017871952759772332,0.017871952759772332,28,19,0.09700000000000009,Unknown,False,30.52,Senior,20,Medium,Low,Right,Right
73437,2013-10-05 13:54:00+00:00,-0.09668946818992843,0.09668946818992843,43,51,0.24900000000000005,Unknown,False,26.63,Senior,8,Minor,Low,Right,Right
73437,2018-04-09 16:00:00+00:00,-0.09668946818992843,0.09668946818992843,43,51,0.246,Unknown,False,26.63,Senior,56,Major,Low,Right,Center
73437,2018-05-21 11:16:00+00:00,-0.09668946818992843,0.09668946818992843,43,51,0.0,Unknown,False,26.63,Senior,39,Major,Low,Center,Center
73441,2003-06-02 00:00:00+00:00,-0.00010556126439776855,0.00010556126439776855,39,46,0.11499999999999999,Unknown,False,8.26,Mid,48,Major,Low,Right,Right
73441,2019-08-16 16:25:00+00:00,-0.00010556126439776855,0.00010556126439776855,39,46,0.0,Unknown,False,8.26,Mid,25,Medium,Low,Right,Right
73457,2003-10-21 17:28:00+00:00,-0.05458616835313784,0.05458616835313784,5,15,0.30800000000000005,Unknown,False,5.41,Mid,83,Major,Low,Right,Center
73457,2005-02-14 17:25:00+00:00,-0.05458616835313784,0.05458616835313784,5,15,0.30800000000000005,Unknown,False,5.41,Mid,49,Major,Low,Center,Right
73457,2005-10-31 11:13:00+00:00,-0.05458616835313784,0.05458616835313784,5,15,0.782,Unknown,False,5.41,Mid,19,Medium,Low,Right,Left
73457,2007-03-23 09:53:00+00:00,-0.05458616835313784,0.05458616835313784,5,15,0.832,Unknown,False,5.41,Mid,39,Major,Low,Left,Right
73460,2004-10-06 14:50:00+00:00,0.15223996996493572,0.15223996996493572,6,5,,Unknown,False,5.04,Mid,0,Minor,Low,Center,
73460,2005-02-10 12:08:00+00:00,0.15223996996493572,0.15223996996493572,6,5,,Unknown,False,5.04,Mid,56,Major,Low,,Center
73466,2019-04-05 00:00:00+00:00,0.016441742727016727,0.016441742727016727,16,14,0.27799999999999997,Unknown,False,27.76,Senior,8,Minor,Low,Left,Center
73472,2007-04-23 00:00:00+00:00,0.03403475359996462,0.03403475359996462,18,12,0.02200000000000002,Unknown,False,8.129999999999999,Mid,62,Major,Low,Right,Right
73472,2007-08-21 18:32:00+00:00,0.03403475359996462,0.03403475359996462,18,12,0.525,Unknown,False,8.129999999999999,Mid,62,Major,Low,Right,Center
73473,2003-06-02 00:00:00+00:00,-0.0013776119937046669,0.0013776119937046669,7,16,0.11499999999999999,Unknown,False,4.17,Junior,48,Major,Low,Right,Right
73483,2003-06-02 00:00:00+00:00,-0.012118527434872982,0.012118527434872982,24,35,0.11499999999999999,Unknown,False,4.3,Junior,48,Major,Low,Right,Right
73483,2018-12-11 10:29:00+00:00,-0.012118527434872982,0.012118527434872982,24,35,0.09700000000000009,Unknown,False,4.3,Junior,20,Medium,Low,Right,Right
73507,2003-10-13 17:28:00+00:00,-0.06114574604432796,0.06114574604432796,20,18,0.027999999999999997,Unknown,False,16.45,Senior,83,Major,Low,Center,Center
73531,2005-10-04 15:24:00+00:00,-0.04634139102956622,0.04634139102956622,32,55,0.10499999999999998,Unknown,False,10.190000000000001,Senior,7,Minor,Low,Left,Left
73542,2003-10-07 17:23:00+00:00,-0.02647175575407163,0.02647175575407163,24,36,0.566,Unknown,False,11.25,Senior,70,Major,Low,Center,Right
73542,2007-04-23 00:00:00+00:00,-0.02647175575407163,0.02647175575407163,24,36,0.02200000000000002,Unknown,False,11.25,Senior,62,Major,Low,Right,Right
73559,2003-08-07 17:35:00+00:00,-0.14182850173672334,0.14182850173672334,7,6,0.28,Unknown,False,9.094999999999999,Mid,55,Major,Low,Center,Right
73559,2005-07-07 10:55:00+00:00,-0.14182850173672334,0.14182850173672334,7,6,,Unknown,False,9.094999999999999,Mid,0,Minor,Low,Right,
73559,2005-09-28 15:36:00+00:00,-0.14182850173672334,0.14182850173672334,7,6,,Unknown,False,9.094999999999999,Mid,28,Medium,Low,,Left
73559,2013-10-02 18:05:00+00:00,-0.14182850173672334,0.14182850173672334,7,6,0.373,Unknown,False,9.094999999999999,Mid,12,Medium,Low,Left,Center
73574,2004-02-10 18:45:00+00:00,-0.033347397047531854,0.033347397047531854,32,11,0.07200000000000006,Unknown,False,4.535,Junior,51,Major,Low,Right,Right
73579,2003-10-29 17:34:00+00:00,-0.054328834620211194,0.054328834620211194,186,92,,Unknown,False,5.5,Mid,0,Minor,Low,Center,
73579,2003-11-05 11:51:00+00:00,-0.054328834620211194,0.054328834620211194,186,92,,Unknown,False,5.5,Mid,55,Major,Low,,Right
73579,2005-03-22 15:17:00+00:00,-0.054328834620211194,0.054328834620211194,186,92,,Unknown,False,5.5,Mid,0,Minor,Low,Right,
73579,2005-07-11 09:50:00+00:00,-0.054328834620211194,0.054328834620211194,186,92,,Unknown,False,5.5,Mid,62,Major,Low,,Right
73579,2007-04-23 00:00:00+00:00,-0.054328834620211194,0.054328834620211194,186,92,0.02200000000000002,Unknown,False,5.5,Mid,62,Major,Low,Right,Right
73586,2005-07-08 00:00:00+00:00,-0.30615568863690545,0.30615568863690545,53,21,0.23199999999999998,Unknown,False,22.35,Senior,28,Medium,Low,Left,Left
73586,2022-04-01 17:49:00+00:00,-0.30615568863690545,0.30615568863690545,53,21,0.16099999999999998,Unknown,False,22.35,Senior,6,Minor,Low,Left,Left
73594,2007-04-23 00:00:00+00:00,-0.022547600568623934,0.022547600568623934,15,14,0.02200000000000002,Unknown,False,10.18,Senior,62,Major,Low,Right,Right
73594,2009-09-30 18:38:00+00:00,-0.022547600568623934,0.022547600568623934,15,14,0.24100000000000005,Unknown,False,10.18,Senior,43,Major,Low,Right,Right
73594,2013-03-11 15:17:00+00:00,-0.022547600568623934,0.022547600568623934,15,14,,Unknown,False,10.18,Senior,0,Minor,Low,Right,
73603,2005-10-05 15:50:00+00:00,-0.04550015991235273,0.04550015991235273,10,16,0.16499999999999992,Unknown,False,6.25,Mid,7,Minor,Low,Left,Left
73653,2007-01-25 00:00:00+00:00,-0.01162943634572848,0.01162943634572848,12,20,0.0030000000000000027,Unknown,False,15.34,Senior,39,Major,Low,Right,Right
73655,2013-10-01 16:18:00+00:00,-0.0022105860120661958,0.0022105860120661958,38,47,0.5599999999999999,Unknown,False,26.51,Senior,18,Medium,Low,Left,Center
73655,2014-04-24 00:00:00+00:00,-0.0022105860120661958,0.0022105860120661958,38,47,0.0,Unknown,False,26.51,Senior,18,Medium,Low,Center,Center
73655,2018-12-17 15:27:00+00:00,-0.0022105860120661958,0.0022105860120661958,38,47,0.0,Unknown,False,26.51,Senior,2,Minor,Low,Center,Center
73663,2003-10-14 14:06:00+00:00,0.13569500670187828,0.13569500670187828,5,7,0.782,Unknown,False,8.219999999999999,Mid,36,Major,Low,Center,Left
73666,2003-08-07 17:36:00+00:00,-0.008162546007219926,0.008162546007219926,15,22,0.28,Unknown,False,8.31,Mid,55,Major,Low,Center,Right
73674,2003-06-02 00:00:00+00:00,-0.05470397983962838,0.05470397983962838,8,11,0.11499999999999999,Unknown,False,31.119999999999997,Senior,48,Major,Low,Right,Right
73674,2018-12-11 10:29:00+00:00,-0.05470397983962838,0.05470397983962838,8,11,0.09700000000000009,Unknown,False,31.119999999999997,Senior,20,Medium,Low,Right,Right
73676,2007-01-25 00:00:00+00:00,-0.04208749389871681,0.04208749389871681,19,42,0.0030000000000000027,Unknown,False,16.14,Senior,39,Major,Low,Right,Right
73676,2011-11-03 18:39:00+00:00,-0.04208749389871681,0.04208749389871681,19,42,0.371,Unknown,False,16.14,Senior,86,Major,Low,Right,Center
73692,2018-05-21 11:16:00+00:00,-0.005821595692992537,0.005821595692992537,6,15,0.0,Unknown,False,19.23,Senior,39,Major,Low,Center,Center
73764,2007-04-23 00:00:00+00:00,-0.02185158961231551,0.02185158961231551,11,5,0.02200000000000002,Unknown,False,15.88,Senior,62,Major,Low,Right,Right
73788,2003-06-02 00:00:00+00:00,-0.07170617721671751,0.07170617721671751,19,30,0.11499999999999999,Unknown,False,23.75,Senior,48,Major,Low,Right,Right
73788,2018-12-11 10:29:00+00:00,-0.07170617721671751,0.07170617721671751,19,30,0.09700000000000009,Unknown,False,23.75,Senior,20,Medium,Low,Right,Right
73808,2007-09-24 12:31:00+00:00,-0.01576462225198396,0.01576462225198396,15,13,0.469,Unknown,False,20.44,Senior,84,Major,Low,Left,Center
73808,2007-10-30 00:00:00+00:00,-0.01576462225198396,0.01576462225198396,15,13,0.469,Unknown,False,20.44,Senior,24,Medium,Low,Center,Left
73808,2009-10-08 18:11:00+00:00,-0.01576462225198396,0.01576462225198396,15,13,0.894,Unknown,False,20.44,Senior,16,Medium,Low,Left,Right
73808,2011-10-26 12:55:00+00:00,-0.01576462225198396,0.01576462225198396,15,13,0.14200000000000002,Unknown,False,20.44,Senior,38,Major,Low,Right,Right
73825,2004-08-03 11:33:00+00:00,-0.015084411625532743,0.015084411625532743,98,72,0.295,Unknown,False,5.43,Mid,45,Major,Low,Right,Right
73825,2007-01-25 00:00:00+00:00,-0.015084411625532743,0.015084411625532743,98,72,0.0030000000000000027,Unknown,False,5.43,Mid,39,Major,Low,Right,Right
73875,2007-04-23 00:00:00+00:00,0.021256625934095223,0.021256625934095223,29,45,0.02200000000000002,Unknown,False,14.3,Senior,62,Major,Low,Right,Right
73875,2009-10-13 19:34:00+00:00,0.021256625934095223,0.021256625934095223,29,45,0.24100000000000005,Unknown,False,14.3,Senior,43,Major,Low,Right,Right
73875,2014-04-16 11:35:00+00:00,0.021256625934095223,0.021256625934095223,29,45,0.05199999999999999,Unknown,False,14.3,Senior,40,Major,Low,Right,Right
73882,2005-06-15 11:10:00+00:00,-0.11691267098144284,0.11691267098144284,5,6,,Unknown,False,13.934999999999999,Senior,0,Minor,Low,Right,
73882,2005-06-21 09:54:00+00:00,-0.11691267098144284,0.11691267098144284,5,6,,Unknown,False,13.934999999999999,Senior,56,Major,Low,,Center
73883,2007-04-23 00:00:00+00:00,-0.13877722651002222,0.13877722651002222,16,49,0.02200000000000002,Unknown,False,15.77,Senior,62,Major,Low,Right,Right
73883,2011-10-26 12:07:00+00:00,-0.13877722651002222,0.13877722651002222,16,49,0.267,Unknown,False,15.77,Senior,38,Major,Low,Right,Right
73883,2013-11-04 14:22:00+00:00,-0.13877722651002222,0.13877722651002222,16,49,0.8009999999999999,Unknown,False,15.77,Senior,30,Major,Low,Right,Left
73889,2003-06-02 00:00:00+00:00,-0.0001351591412497249,0.0001351591412497249,16,18,0.11499999999999999,Unknown,False,8.25,Mid,48,Major,Low,Right,Right
73891,2018-05-21 11:16:00+00:00,0.006693258679084178,0.006693258679084178,29,26,0.0,Unknown,False,22.85,Senior,39,Major,Low,Center,Center
73932,2003-06-02 00:00:00+00:00,7.368964833547883e-06,7.368964833547883e-06,22,19,0.11499999999999999,Unknown,False,0.15,Junior,48,Major,Low,Right,Right
73933,2003-09-09 17:51:00+00:00,-0.004480160970781674,0.004480160970781674,102,123,0.08200000000000002,Unknown,False,1.71,Junior,7,Minor,Low,Right,Right
73933,2005-02-02 16:02:00+00:00,-0.004480160970781674,0.004480160970781674,102,123,0.39,Unknown,False,1.71,Junior,91,Major,Low,Right,Center
73933,2005-02-28 11:13:00+00:00,-0.004480160970781674,0.004480160970781674,102,123,,Unknown,False,1.71,Junior,0,Minor,Low,Center,
73933,2005-03-01 21:26:00+00:00,-0.004480160970781674,0.004480160970781674,102,123,,Unknown,False,1.71,Junior,91,Major,Low,,Center
73933,2005-03-09 00:00:00+00:00,-0.004480160970781674,0.004480160970781674,102,123,,Unknown,False,1.71,Junior,0,Minor,Low,Center,
73933,2005-03-30 20:08:00+00:00,-0.004480160970781674,0.004480160970781674,102,123,,Unknown,False,1.71,Junior,6,Minor,Low,,Right
73933,2006-12-22 18:21:00+00:00,-0.004480160970781674,0.004480160970781674,102,123,0.42500000000000004,Unknown,False,1.71,Junior,80,Major,Low,Right,Center
73933,2009-08-25 19:00:00+00:00,-0.004480160970781674,0.004480160970781674,102,123,0.42500000000000004,Unknown,False,1.71,Junior,16,Medium,Low,Center,Right
73934,2004-05-19 09:36:00+00:00,-0.026740536155535413,0.026740536155535413,199,163,0.36700000000000005,Unknown,False,4.27,Junior,51,Major,Low,Right,Right
73934,2007-09-27 14:38:00+00:00,-0.026740536155535413,0.026740536155535413,199,163,0.24900000000000005,Unknown,False,4.27,Junior,6,Minor,Low,Right,Right
73934,2007-10-09 18:00:00+00:00,-0.026740536155535413,0.026740536155535413,199,163,0.24900000000000005,Unknown,False,4.27,Junior,35,Major,Low,Right,Right
73934,2011-10-26 22:08:00+00:00,-0.026740536155535413,0.026740536155535413,199,163,0.30100000000000005,Unknown,False,4.27,Junior,38,Major,Low,Right,Right
73934,2017-10-31 17:23:00+00:00,-0.026740536155535413,0.026740536155535413,199,163,0.232,Unknown,False,4.27,Junior,48,Major,Low,Right,Center
73936,2003-02-01 15:03:00+00:00,0.0018751976216119653,0.0018751976216119653,28,18,0.829,Unknown,False,1.6,Junior,22,Medium,Low,Right,Left
73936,2005-02-14 10:06:00+00:00,0.0018751976216119653,0.0018751976216119653,28,18,0.55,Unknown,False,1.6,Junior,91,Major,Low,Left,Center
73936,2005-02-22 13:02:00+00:00,0.0018751976216119653,0.0018751976216119653,28,18,,Unknown,False,1.6,Junior,0,Minor,Low,Center,
73936,2005-02-28 11:12:00+00:00,0.0018751976216119653,0.0018751976216119653,28,18,,Unknown,False,1.6,Junior,91,Major,Low,,Center
73942,2005-02-15 00:58:00+00:00,-0.002811518845170169,0.002811518845170169,7,6,0.821,Unknown,False,1.7,Junior,52,Major,Low,Left,Right
73942,2007-01-25 00:00:00+00:00,-0.002811518845170169,0.002811518845170169,7,6,0.0030000000000000027,Unknown,False,1.7,Junior,39,Major,Low,Right,Right
73979,2003-02-01 15:03:00+00:00,0.0038695386789209113,0.0038695386789209113,51,93,0.829,Unknown,False,13.53,Senior,22,Medium,Low,Right,Left
73979,2003-03-24 16:48:00+00:00,0.0038695386789209113,0.0038695386789209113,51,93,0.55,Unknown,False,13.53,Senior,83,Major,Low,Left,Center
73979,2005-02-14 21:38:00+00:00,0.0038695386789209113,0.0038695386789209113,51,93,0.30800000000000005,Unknown,False,13.53,Senior,49,Major,Low,Center,Right
73979,2005-02-15 13:55:00+00:00,0.0038695386789209113,0.0038695386789209113,51,93,0.30800000000000005,Unknown,False,13.53,Senior,91,Major,Low,Right,Center
73979,2005-02-22 13:02:00+00:00,0.0038695386789209113,0.0038695386789209113,51,93,,Unknown,False,13.53,Senior,0,Minor,Low,Center,
73979,2005-02-28 11:12:00+00:00,0.0038695386789209113,0.0038695386789209113,51,93,,Unknown,False,13.53,Senior,91,Major,Low,,Center
73979,2005-10-03 13:52:00+00:00,0.0038695386789209113,0.0038695386789209113,51,93,0.259,Unknown,False,13.53,Senior,49,Major,Low,Center,Right
73981,2007-04-23 00:00:00+00:00,-0.037339756166856614,0.037339756166856614,24,28,0.02200000000000002,Unknown,False,15.71,Senior,62,Major,Low,Right,Right
73982,2003-05-14 11:01:00+00:00,-0.05127191707642695,0.05127191707642695,20,44,0.295,Unknown,False,15.33,Senior,42,Major,Low,Right,Right
73982,2007-01-25 00:00:00+00:00,-0.05127191707642695,0.05127191707642695,20,44,0.0030000000000000027,Unknown,False,15.33,Senior,39,Major,Low,Right,Right
74010,2018-05-21 11:16:00+00:00,-0.15459099195047507,0.15459099195047507,112,43,0.0,Unknown,False,30.82,Senior,39,Major,Low,Center,Center
74016,2003-09-10 17:56:00+00:00,-0.024932605263171898,0.024932605263171898,115,129,0.17599999999999993,Unknown,False,17.244999999999997,Senior,7,Minor,Low,Right,Right
74016,2005-02-14 17:24:00+00:00,-0.024932605263171898,0.024932605263171898,115,129,0.39,Unknown,False,17.244999999999997,Senior,91,Major,Low,Right,Center
74016,2005-02-15 00:00:00+00:00,-0.024932605263171898,0.024932605263171898,115,129,,Unknown,False,17.244999999999997,Senior,0,Minor,Low,Center,
74016,2005-03-09 10:09:00+00:00,-0.024932605263171898,0.024932605263171898,115,129,,Unknown,False,17.244999999999997,Senior,6,Minor,Low,,Right
74024,2007-04-23 00:00:00+00:00,0.004485388325484813,0.004485388325484813,14,71,0.02200000000000002,Unknown,False,12.18,Senior,62,Major,Low,Right,Right
74031,2005-09-22 00:00:00+00:00,-0.06318788314020257,0.06318788314020257,34,59,,Unknown,False,2.275,Junior,0,Minor,Low,Left,
74031,2005-10-04 16:18:00+00:00,-0.06318788314020257,0.06318788314020257,34,59,,Unknown,False,2.275,Junior,7,Minor,Low,,Left
74032,2003-08-21 16:58:00+00:00,-0.023940141206553245,0.023940141206553245,31,16,0.30800000000000005,Unknown,False,5.88,Mid,83,Major,Low,Right,Center
74032,2009-10-02 00:00:00+00:00,-0.023940141206553245,0.023940141206553245,31,16,0.309,Unknown,False,5.88,Mid,43,Major,Low,Center,Right
74035,2003-10-08 17:15:00+00:00,0.0127567234535979,0.0127567234535979,6,11,0.40800000000000003,Unknown,False,0.43499999999999994,Junior,19,Medium,Low,Left,Left
74040,2013-10-01 17:41:00+00:00,-0.023703087411060628,0.023703087411060628,37,16,0.099,Unknown,False,14.315000000000001,Senior,18,Medium,Low,Center,Center
74040,2014-04-24 00:00:00+00:00,-0.023703087411060628,0.023703087411060628,37,16,0.0,Unknown,False,14.315000000000001,Senior,18,Medium,Low,Center,Center
74040,2018-04-10 18:01:00+00:00,-0.023703087411060628,0.023703087411060628,37,16,0.025999999999999995,Unknown,False,14.315000000000001,Senior,56,Major,Low,Center,Center
74040,2018-05-21 11:16:00+00:00,-0.023703087411060628,0.023703087411060628,37,16,0.0,Unknown,False,14.315000000000001,Senior,39,Major,Low,Center,Center
74047,2007-11-20 00:00:00+00:00,0.013953585732274176,0.013953585732274176,21,20,0.44000000000000006,Unknown,False,4.25,Junior,24,Medium,Low,Left,Left
74048,2003-08-13 19:34:00+00:00,-0.004486447962427691,0.004486447962427691,8,9,0.55,Unknown,False,0.335,Junior,22,Medium,Low,Center,Left
74051,2003-09-24 17:16:00+00:00,0.0009355600672353304,0.0009355600672353304,16,16,1.116,Unknown,False,0.385,Junior,22,Medium,Low,Right,Left
74052,2019-05-22 17:05:00+00:00,-0.07049237198384478,0.07049237198384478,7,5,0.009000000000000008,Unknown,False,16.11,Senior,26,Medium,Low,Right,Right
74059,2009-10-15 12:58:00+00:00,-0.04669623937940513,0.04669623937940513,21,13,0.526,Unknown,False,6.2,Mid,15,Medium,Low,Left,Left
74063,2007-04-23 00:00:00+00:00,-0.03168850751008492,0.03168850751008492,43,89,0.02200000000000002,Unknown,False,4.025,Junior,62,Major,Low,Right,Right
74066,2005-02-15 13:55:00+00:00,0.021020475805643903,0.021020475805643903,17,37,0.641,Unknown,False,9.34,Mid,91,Major,Low,Left,Center
74066,2005-02-22 13:03:00+00:00,0.021020475805643903,0.021020475805643903,17,37,,Unknown,False,9.34,Mid,0,Minor,Low,Center,
74066,2005-02-28 11:11:00+00:00,0.021020475805643903,0.021020475805643903,17,37,,Unknown,False,9.34,Mid,91,Major,Low,,Center
74070,2003-06-02 00:00:00+00:00,-0.027243658777301238,0.027243658777301238,55,94,0.11499999999999999,Unknown,False,12.32,Senior,48,Major,Low,Right,Right
74070,2003-09-24 10:34:00+00:00,-0.027243658777301238,0.027243658777301238,55,94,0.248,Unknown,False,12.32,Senior,7,Minor,Low,Right,Right
74090,2005-09-29 14:06:00+00:00,-0.03192989813845052,0.03192989813845052,119,84,0.515,Unknown,False,20.060000000000002,Senior,91,Major,Low,Left,Center
74090,2011-10-26 19:16:00+00:00,-0.03192989813845052,0.03192989813845052,119,84,0.319,Unknown,False,20.060000000000002,Senior,38,Major,Low,Center,Right
74090,2018-04-11 17:44:00+00:00,-0.03192989813845052,0.03192989813845052,119,84,0.30100000000000005,Unknown,False,20.060000000000002,Senior,48,Major,Low,Right,Right
74090,2018-12-11 10:29:00+00:00,-0.03192989813845052,0.03192989813845052,119,84,0.09700000000000009,Unknown,False,20.060000000000002,Senior,20,Medium,Low,Right,Right
74090,2022-04-06 13:59:00+00:00,-0.03192989813845052,0.03192989813845052,119,84,0.17799999999999994,Unknown,False,20.060000000000002,Senior,44,Major,Low,Right,Right
74111,2003-06-02 00:00:00+00:00,-0.0009846988248120984,0.0009846988248120984,52,18,0.11499999999999999,Unknown,False,8.184999999999999,Mid,48,Major,Low,Right,Right
74140,2005-05-25 20:47:00+00:00,-0.10694480184876923,0.10694480184876923,37,44,0.295,Unknown,False,5.824999999999999,Mid,52,Major,Low,Right,Right
74140,2007-01-25 00:00:00+00:00,-0.10694480184876923,0.10694480184876923,37,44,0.0030000000000000027,Unknown,False,5.824999999999999,Mid,39,Major,Low,Right,Right
74140,2009-11-06 12:46:00+00:00,-0.10694480184876923,0.10694480184876923,37,44,0.778,Unknown,False,5.824999999999999,Mid,25,Medium,Low,Right,Left
74140,2011-10-26 12:00:00+00:00,-0.10694480184876923,0.10694480184876923,37,44,0.752,Unknown,False,5.824999999999999,Mid,38,Major,Low,Left,Right
74140,2016-03-10 11:24:00+00:00,-0.10694480184876923,0.10694480184876923,37,44,0.05199999999999999,Unknown,False,5.824999999999999,Mid,39,Major,Low,Right,Right
74142,2007-04-23 00:00:00+00:00,0.059161513691337736,0.059161513691337736,15,6,0.02200000000000002,Unknown,False,3.82,Junior,62,Major,Low,Right,Right
74143,2005-05-25 20:47:00+00:00,-0.02013542522035247,0.02013542522035247,29,48,0.295,Unknown,False,2.1950000000000003,Junior,52,Major,Low,Right,Right
74143,2005-09-29 15:39:00+00:00,-0.02013542522035247,0.02013542522035247,29,48,0.295,Unknown,False,2.1950000000000003,Junior,62,Major,Low,Right,Right
74143,2007-02-08 00:00:00+00:00,-0.02013542522035247,0.02013542522035247,29,48,0.601,Unknown,False,2.1950000000000003,Junior,84,Major,Low,Right,Center
74148,2003-09-16 15:52:00+00:00,-0.02516430669396895,0.02516430669396895,55,60,1.1720000000000002,Unknown,False,1.79,Junior,7,Minor,Low,Left,Right
74148,2005-02-02 16:03:00+00:00,-0.02516430669396895,0.02516430669396895,55,60,0.39,Unknown,False,1.79,Junior,91,Major,Low,Right,Center
74148,2006-01-10 12:28:00+00:00,-0.02516430669396895,0.02516430669396895,55,60,,Unknown,False,1.79,Junior,0,Minor,Low,Center,
74150,2005-11-23 11:36:00+00:00,-0.06928769628654749,0.06928769628654749,9,11,0.782,Unknown,False,2.1550000000000002,Junior,19,Medium,Low,Right,Left
74163,2013-10-02 15:43:00+00:00,-0.012385456428061922,0.012385456428061922,142,120,0.506,Unknown,False,14.524999999999999,Senior,18,Medium,Low,Left,Center
74163,2014-04-24 00:00:00+00:00,-0.012385456428061922,0.012385456428061922,142,120,0.0,Unknown,False,14.524999999999999,Senior,18,Medium,Low,Center,Center
74163,2018-03-29 13:39:00+00:00,-0.012385456428061922,0.012385456428061922,142,120,0.647,Unknown,False,14.524999999999999,Senior,11,Medium,Low,Center,Right
74165,2007-01-25 00:00:00+00:00,-0.11734677232084637,0.11734677232084637,90,90,0.0030000000000000027,Unknown,False,18.41,Senior,39,Major,Low,Right,Right
74165,2022-04-06 16:35:00+00:00,-0.11734677232084637,0.11734677232084637,90,90,0.17799999999999994,Unknown,False,18.41,Senior,45,Major,Low,Right,Right
74167,2005-02-16 12:42:00+00:00,-0.037882945400473746,0.037882945400473746,36,35,0.271,Unknown,False,1.87,Junior,91,Major,Low,Right,Center
74167,2005-02-22 18:31:00+00:00,-0.037882945400473746,0.037882945400473746,36,35,,Unknown,False,1.87,Junior,0,Minor,Low,Center,
74167,2005-06-21 00:00:00+00:00,-0.037882945400473746,0.037882945400473746,36,35,,Unknown,False,1.87,Junior,91,Major,Low,,Center
74167,2005-10-06 12:22:00+00:00,-0.037882945400473746,0.037882945400473746,36,35,0.601,Unknown,False,1.87,Junior,62,Major,Low,Center,Right
74167,2006-11-09 11:31:00+00:00,-0.037882945400473746,0.037882945400473746,36,35,,Unknown,False,1.87,Junior,0,Minor,Low,Right,
74169,2003-08-27 12:36:00+00:00,-0.127882625713409,0.127882625713409,21,19,0.782,Unknown,False,0.3,Junior,83,Major,Low,Left,Center
74170,2003-08-05 15:02:00+00:00,-0.0349684442422916,0.0349684442422916,52,60,1.29,Unknown,False,1.64,Junior,2,Minor,Low,Left,Right
74170,2005-02-15 00:59:00+00:00,-0.0349684442422916,0.0349684442422916,52,60,0.37800000000000006,Unknown,False,1.64,Junior,52,Major,Low,Right,Right
74170,2005-02-18 17:18:00+00:00,-0.0349684442422916,0.0349684442422916,52,60,0.37800000000000006,Unknown,False,1.64,Junior,2,Minor,Low,Right,Right
74170,2005-07-05 17:10:00+00:00,-0.0349684442422916,0.0349684442422916,52,60,,Unknown,False,1.64,Junior,0,Minor,Low,Right,
74170,2005-09-02 15:09:00+00:00,-0.0349684442422916,0.0349684442422916,52,60,,Unknown,False,1.64,Junior,28,Medium,Low,,Left
74170,2006-08-23 17:53:00+00:00,-0.0349684442422916,0.0349684442422916,52,60,,Unknown,False,1.64,Junior,0,Minor,Low,Left,
74171,2005-10-27 14:54:00+00:00,-0.006355145130444606,0.006355145130444606,67,66,0.16499999999999992,Unknown,False,2.27,Junior,7,Minor,Low,Left,Left
74172,2005-02-02 16:00:00+00:00,-0.03137707659486014,0.03137707659486014,28,26,0.41800000000000004,Unknown,False,2.66,Junior,91,Major,Low,Left,Center
74172,2005-10-05 10:34:00+00:00,-0.03137707659486014,0.03137707659486014,28,26,0.42500000000000004,Unknown,False,2.66,Junior,6,Minor,Low,Center,Right
74172,2013-10-07 15:44:00+00:00,-0.03137707659486014,0.03137707659486014,28,26,0.265,Unknown,False,2.66,Junior,21,Medium,Low,Right,Right
74173,2003-06-02 00:00:00+00:00,-0.02596672798784829,0.02596672798784829,7,6,0.11499999999999999,Unknown,False,0.31,Junior,48,Major,Low,Right,Right
74173,2003-08-25 10:20:00+00:00,-0.02596672798784829,0.02596672798784829,7,6,0.638,Unknown,False,0.31,Junior,83,Major,Low,Right,Center
74173,2018-05-21 11:16:00+00:00,-0.02596672798784829,0.02596672798784829,7,6,0.0,Unknown,False,0.31,Junior,39,Major,Low,Center,Center
74176,2003-08-28 13:44:00+00:00,-0.0037489314236232585,0.0037489314236232585,26,25,0.782,Unknown,False,2.34,Junior,83,Major,Low,Left,Center
74176,2005-10-10 17:43:00+00:00,-0.0037489314236232585,0.0037489314236232585,26,25,0.653,Unknown,False,2.34,Junior,28,Medium,Low,Center,Left
74197,2013-10-08 16:44:00+00:00,0.01560877115157984,0.01560877115157984,103,103,0.687,Unknown,False,18.32,Senior,18,Medium,Low,Left,Center
74197,2014-04-24 00:00:00+00:00,0.01560877115157984,0.01560877115157984,103,103,0.0,Unknown,False,18.32,Senior,18,Medium,Low,Center,Center
74230,2007-01-30 20:40:00+00:00,-0.16085313943129534,0.16085313943129534,44,116,0.523,Unknown,False,11.27,Senior,84,Major,Low,Left,Center
74230,2018-05-21 11:16:00+00:00,-0.16085313943129534,0.16085313943129534,44,116,0.0,Unknown,False,11.27,Senior,39,Major,Low,Center,Center
74240,2003-06-02 00:00:00+00:00,-0.059120048023785066,0.059120048023785066,26,64,0.11499999999999999,Unknown,False,12.62,Senior,48,Major,Low,Right,Right
74240,2003-10-01 10:52:00+00:00,-0.059120048023785066,0.059120048023785066,26,64,0.36700000000000005,Unknown,False,12.62,Senior,42,Major,Low,Right,Right
74240,2005-05-25 12:59:00+00:00,-0.059120048023785066,0.059120048023785066,26,64,0.36700000000000005,Unknown,False,12.62,Senior,53,Major,Low,Right,Right
74253,2003-06-02 00:00:00+00:00,-0.02389573494277703,0.02389573494277703,23,12,0.11499999999999999,Unknown,False,15.07,Senior,48,Major,Low,Right,Right
74253,2018-12-11 10:29:00+00:00,-0.02389573494277703,0.02389573494277703,23,12,0.09700000000000009,Unknown,False,15.07,Senior,20,Medium,Low,Right,Right
74258,2003-08-27 15:37:00+00:00,-0.06946590348868478,0.06946590348868478,10,7,0.782,Unknown,False,0.55,Junior,83,Major,Low,Left,Center
74258,2003-09-24 14:48:00+00:00,-0.06946590348868478,0.06946590348868478,10,7,0.30800000000000005,Unknown,False,0.55,Junior,55,Major,Low,Center,Right
74258,2007-01-24 20:00:00+00:00,-0.06946590348868478,0.06946590348868478,10,7,,Unknown,False,0.55,Junior,0,Minor,Low,Right,
74258,2007-01-30 16:24:00+00:00,-0.06946590348868478,0.06946590348868478,10,7,,Unknown,False,0.55,Junior,39,Major,Low,,Right
74270,2003-08-25 10:19:00+00:00,-0.024915336941307813,0.024915336941307813,16,21,0.782,Unknown,False,0.32,Junior,83,Major,Low,Left,Center
74273,2003-08-27 18:07:00+00:00,-0.04705873028311616,0.04705873028311616,123,81,0.782,Unknown,False,6.17,Mid,83,Major,Low,Left,Center
74273,2005-09-29 17:46:00+00:00,-0.04705873028311616,0.04705873028311616,123,81,0.259,Unknown,False,6.17,Mid,49,Major,Low,Center,Right
74273,2009-10-14 13:16:00+00:00,-0.04705873028311616,0.04705873028311616,123,81,0.8130000000000001,Unknown,False,6.17,Mid,32,Major,Low,Right,Left
74273,2011-11-01 16:13:00+00:00,-0.04705873028311616,0.04705873028311616,123,81,0.91,Unknown,False,6.17,Mid,38,Major,Low,Left,Right
74273,2018-04-11 11:44:00+00:00,-0.04705873028311616,0.04705873028311616,123,81,0.8009999999999999,Unknown,False,6.17,Mid,36,Major,Low,Right,Left
74273,2022-03-24 14:24:00+00:00,-0.04705873028311616,0.04705873028311616,123,81,0.862,Unknown,False,6.17,Mid,58,Major,Low,Left,Right
74284,2013-10-08 18:03:00+00:00,-0.033114618012654015,0.033114618012654015,76,5,0.678,Unknown,False,10.21,Senior,30,Major,Low,Center,Left
74288,2005-10-03 18:46:00+00:00,-0.07176019557188738,0.07176019557188738,28,14,0.10499999999999998,Unknown,False,2.21,Junior,7,Minor,Low,Left,Left
74291,2003-09-17 17:49:00+00:00,0.02462935993484644,0.02462935993484644,12,11,0.28,Unknown,False,8.3,Mid,55,Major,Low,Center,Right
74297,2003-06-02 00:00:00+00:00,-0.00011063971907376515,0.00011063971907376515,7,10,0.11499999999999999,Unknown,False,12.2,Senior,48,Major,Low,Right,Right
74300,2005-10-11 17:50:00+00:00,-0.000396826722982177,0.000396826722982177,30,44,0.02499999999999998,Unknown,False,11.22,Senior,56,Major,Low,Center,Center
74300,2007-03-12 12:36:00+00:00,-0.000396826722982177,0.000396826722982177,30,44,0.28400000000000003,Unknown,False,11.22,Senior,39,Major,Low,Center,Right
74317,2007-04-23 00:00:00+00:00,0.010478226347686082,0.010478226347686082,26,31,0.02200000000000002,Unknown,False,16.299999999999997,Senior,62,Major,Low,Right,Right
74317,2011-10-26 12:04:00+00:00,0.010478226347686082,0.010478226347686082,26,31,0.267,Unknown,False,16.299999999999997,Senior,38,Major,Low,Right,Right
74319,2004-02-14 11:16:00+00:00,-0.005332624295356074,0.005332624295356074,49,50,0.25799999999999995,Unknown,False,16.59,Senior,49,Major,Low,Right,Right
74319,2022-04-25 11:40:00+00:00,-0.005332624295356074,0.005332624295356074,49,50,,Unknown,False,16.59,Senior,0,Minor,Low,Center,
74341,2003-06-02 00:00:00+00:00,-0.020146266567394766,0.020146266567394766,313,196,0.11499999999999999,Unknown,False,7.4,Mid,48,Major,Low,Right,Right
74341,2003-06-24 17:31:00+00:00,-0.020146266567394766,0.020146266567394766,313,196,0.36700000000000005,Unknown,False,7.4,Mid,42,Major,Low,Right,Right
74341,2007-01-25 00:00:00+00:00,-0.020146266567394766,0.020146266567394766,313,196,0.0030000000000000027,Unknown,False,7.4,Mid,39,Major,Low,Right,Right
74343,2003-06-02 00:00:00+00:00,-9.9638824694476e-05,9.9638824694476e-05,17,13,0.11499999999999999,Unknown,False,4.27,Junior,48,Major,Low,Right,Right
74356,2007-02-01 15:51:00+00:00,-0.0313742634282366,0.0313742634282366,105,118,,Unknown,False,16.14,Senior,0,Minor,Low,Right,
74356,2007-03-29 00:00:00+00:00,-0.0313742634282366,0.0313742634282366,105,118,,Unknown,False,16.14,Senior,25,Medium,Low,,Right
74356,2007-04-10 00:00:00+00:00,-0.0313742634282366,0.0313742634282366,105,118,,Unknown,False,16.14,Senior,0,Minor,Low,Right,
74356,2007-06-11 00:00:00+00:00,-0.0313742634282366,0.0313742634282366,105,118,,Unknown,False,16.14,Senior,25,Medium,Low,,Right
74356,2007-07-03 18:36:00+00:00,-0.0313742634282366,0.0313742634282366,105,118,0.16600000000000004,Unknown,False,16.14,Senior,11,Medium,Low,Right,Right
74356,2011-10-26 12:30:00+00:00,-0.0313742634282366,0.0313742634282366,105,118,0.14200000000000002,Unknown,False,16.14,Senior,38,Major,Low,Right,Right
74356,2016-03-16 17:30:00+00:00,-0.0313742634282366,0.0313742634282366,105,118,0.05199999999999999,Unknown,False,16.14,Senior,19,Medium,Low,Right,Right
74356,2019-08-16 16:25:00+00:00,-0.0313742634282366,0.0313742634282366,105,118,0.0,Unknown,False,16.14,Senior,25,Medium,Low,Right,Right
74366,2016-03-22 18:22:00+00:00,-0.07913130099124724,0.07913130099124724,16,36,0.28400000000000003,Unknown,False,12.53,Senior,19,Medium,Low,Center,Right
74366,2019-08-16 16:25:00+00:00,-0.07913130099124724,0.07913130099124724,16,36,0.0,Unknown,False,12.53,Senior,25,Medium,Low,Right,Right
74368,2003-06-02 00:00:00+00:00,0.022437462934148368,0.022437462934148368,5,17,0.11499999999999999,Unknown,False,0.26,Junior,48,Major,Low,Right,Right
74368,2005-11-17 11:51:00+00:00,0.022437462934148368,0.022437462934148368,5,17,0.533,Unknown,False,0.26,Junior,56,Major,Low,Right,Center
74372,2003-06-02 00:00:00+00:00,-3.572303428584238e-05,3.572303428584238e-05,35,50,0.11499999999999999,Unknown,False,0.2,Junior,48,Major,Low,Right,Right
74372,2018-12-11 10:29:00+00:00,-3.572303428584238e-05,3.572303428584238e-05,35,50,0.09700000000000009,Unknown,False,0.2,Junior,20,Medium,Low,Right,Right
74374,2007-08-07 18:24:00+00:00,-0.039833979029909324,0.039833979029909324,56,49,0.523,Unknown,False,4.4,Junior,84,Major,Low,Left,Center
74374,2016-03-28 21:39:00+00:00,-0.039833979029909324,0.039833979029909324,56,49,0.038000000000000006,Unknown,False,4.4,Junior,57,Major,Low,Center,Center
74377,2004-02-03 17:25:00+00:00,-0.03481067349971504,0.03481067349971504,15,24,1.279,Unknown,False,0.75,Junior,51,Major,Low,Left,Right
74377,2005-02-14 17:43:00+00:00,-0.03481067349971504,0.03481067349971504,15,24,1.42,Unknown,False,0.75,Junior,28,Medium,Low,Right,Left
74377,2005-09-16 15:50:00+00:00,-0.03481067349971504,0.03481067349971504,15,24,,Unknown,False,0.75,Junior,0,Minor,Low,Left,
74377,2005-09-21 11:33:00+00:00,-0.03481067349971504,0.03481067349971504,15,24,,Unknown,False,0.75,Junior,91,Major,Low,,Center
74382,2007-04-23 00:00:00+00:00,-0.052150087187180595,0.052150087187180595,22,49,0.02200000000000002,Unknown,False,7.89,Mid,62,Major,Low,Right,Right
74382,2011-10-26 12:04:00+00:00,-0.052150087187180595,0.052150087187180595,22,49,0.267,Unknown,False,7.89,Mid,38,Major,Low,Right,Right
74383,2003-06-17 15:12:00+00:00,-0.12874994698280282,0.12874994698280282,13,21,0.821,Unknown,False,0.31,Junior,42,Major,Low,Left,Right
74383,2007-01-25 00:00:00+00:00,-0.12874994698280282,0.12874994698280282,13,21,0.0030000000000000027,Unknown,False,0.31,Junior,39,Major,Low,Right,Right
74383,2019-05-22 17:05:00+00:00,-0.12874994698280282,0.12874994698280282,13,21,0.009000000000000008,Unknown,False,0.31,Junior,26,Medium,Low,Right,Right
74385,2003-08-25 10:19:00+00:00,-0.015650847346021624,0.015650847346021624,42,76,0.782,Unknown,False,3.38,Junior,83,Major,Low,Left,Center
74385,2007-02-01 15:52:00+00:00,-0.015650847346021624,0.015650847346021624,42,76,,Unknown,False,3.38,Junior,0,Minor,Low,Center,
74385,2007-03-29 00:00:00+00:00,-0.015650847346021624,0.015650847346021624,42,76,,Unknown,False,3.38,Junior,25,Medium,Low,,Right
74385,2007-04-10 00:00:00+00:00,-0.015650847346021624,0.015650847346021624,42,76,,Unknown,False,3.38,Junior,0,Minor,Low,Right,
74385,2007-06-11 00:00:00+00:00,-0.015650847346021624,0.015650847346021624,42,76,,Unknown,False,3.38,Junior,25,Medium,Low,,Right
74385,2007-07-11 20:49:00+00:00,-0.015650847346021624,0.015650847346021624,42,76,0.16600000000000004,Unknown,False,3.38,Junior,11,Medium,Low,Right,Right
74387,2003-06-02 00:00:00+00:00,-0.008409485714950246,0.008409485714950246,64,66,0.11499999999999999,Unknown,False,2.21,Junior,48,Major,Low,Right,Right
74387,2005-08-30 19:09:00+00:00,-0.008409485714950246,0.008409485714950246,64,66,,Unknown,False,2.21,Junior,0,Minor,Low,Right,
74387,2005-09-22 15:29:00+00:00,-0.008409485714950246,0.008409485714950246,64,66,,Unknown,False,2.21,Junior,62,Major,Low,,Right
74388,2011-11-09 00:00:00+00:00,-0.01096701183170054,0.01096701183170054,16,11,0.907,Unknown,False,8.62,Mid,38,Major,Low,Left,Right
74388,2013-05-16 17:06:00+00:00,-0.01096701183170054,0.01096701183170054,16,11,,Unknown,False,8.62,Mid,0,Minor,Low,Right,
74388,2013-10-08 19:10:00+00:00,-0.01096701183170054,0.01096701183170054,16,11,,Unknown,False,8.62,Mid,41,Major,Low,,Right
74388,2018-12-11 10:29:00+00:00,-0.01096701183170054,0.01096701183170054,16,11,0.09700000000000009,Unknown,False,8.62,Mid,20,Medium,Low,Right,Right
74392,2003-06-02 00:00:00+00:00,2.0367151779645767e-05,2.0367151779645767e-05,30,71,0.11499999999999999,Unknown,False,0.22999999999999998,Junior,48,Major,Low,Right,Right
74394,2003-06-02 00:00:00+00:00,3.531951781945048e-05,3.531951781945048e-05,22,42,0.11499999999999999,Unknown,False,0.23,Junior,48,Major,Low,Right,Right
74399,2007-04-23 00:00:00+00:00,-0.19306077834673002,0.19306077834673002,88,162,0.02200000000000002,Unknown,False,4.11,Junior,62,Major,Low,Right,Right
74399,2022-02-23 00:00:00+00:00,-0.19306077834673002,0.19306077834673002,88,162,,Unknown,False,4.11,Junior,0,Minor,Low,Right,
74399,2022-04-05 16:25:00+00:00,-0.19306077834673002,0.19306077834673002,88,162,,Unknown,False,4.11,Junior,58,Major,Low,,Right
74421,2005-02-10 12:00:00+00:00,0.002430586096677581,0.002430586096677581,769,900,0.566,Unknown,False,30.17,Senior,91,Major,Low,Right,Center
74421,2005-08-29 17:48:00+00:00,0.002430586096677581,0.002430586096677581,769,900,0.306,Unknown,False,30.17,Senior,52,Major,Low,Center,Right
74421,2007-01-25 00:00:00+00:00,0.002430586096677581,0.002430586096677581,769,900,0.0030000000000000027,Unknown,False,30.17,Senior,39,Major,Low,Right,Right
74427,2003-08-07 17:35:00+00:00,-0.012601280385523952,0.012601280385523952,23,15,0.28,Unknown,False,12.81,Senior,55,Major,Low,Center,Right
74427,2004-10-29 17:49:00+00:00,-0.012601280385523952,0.012601280385523952,23,15,,Unknown,False,12.81,Senior,0,Minor,Low,Right,
74427,2004-12-15 11:44:00+00:00,-0.012601280385523952,0.012601280385523952,23,15,,Unknown,False,12.81,Senior,16,Medium,Low,,Left
74433,2003-05-14 10:47:00+00:00,-0.10590535318139818,0.10590535318139818,30,41,0.28,Unknown,False,16.03,Senior,55,Major,Low,Center,Right
74433,2004-10-06 17:13:00+00:00,-0.10590535318139818,0.10590535318139818,30,41,,Unknown,False,16.03,Senior,0,Minor,Low,Right,
74433,2004-12-29 17:08:00+00:00,-0.10590535318139818,0.10590535318139818,30,41,,Unknown,False,16.03,Senior,62,Major,Low,,Right
74433,2007-04-23 00:00:00+00:00,-0.10590535318139818,0.10590535318139818,30,41,0.02200000000000002,Unknown,False,16.03,Senior,62,Major,Low,Right,Right
74436,2003-06-02 00:00:00+00:00,-7.058515869503879e-06,7.058515869503879e-06,27,25,0.11499999999999999,Unknown,False,8.28,Mid,48,Major,Low,Right,Right
74444,2003-09-16 18:14:00+00:00,-0.06938330944130758,0.06938330944130758,32,63,1.1720000000000002,Unknown,False,5.355,Mid,7,Minor,Low,Left,Right
74444,2005-02-02 16:06:00+00:00,-0.06938330944130758,0.06938330944130758,32,63,0.39,Unknown,False,5.355,Mid,91,Major,Low,Right,Center
74444,2005-08-10 12:09:00+00:00,-0.06938330944130758,0.06938330944130758,32,63,0.42500000000000004,Unknown,False,5.355,Mid,6,Minor,Low,Center,Right
74459,2007-02-28 10:39:00+00:00,-0.021595826190020234,0.021595826190020234,12,11,0.678,Unknown,False,32.15,Senior,30,Major,Low,Center,Left
74459,2019-11-20 13:52:00+00:00,-0.021595826190020234,0.021595826190020234,12,11,1.005,Unknown,False,32.15,Senior,34,Major,Low,Left,Right
74469,2003-07-02 16:28:00+00:00,-0.04719728500027741,0.04719728500027741,12,8,,Unknown,False,5.73,Mid,0,Minor,Low,Center,
74469,2003-08-04 11:08:00+00:00,-0.04719728500027741,0.04719728500027741,12,8,,Unknown,False,5.73,Mid,42,Major,Low,,Right
74469,2007-01-25 00:00:00+00:00,-0.04719728500027741,0.04719728500027741,12,8,0.0030000000000000027,Unknown,False,5.73,Mid,39,Major,Low,Right,Right
74471,2007-04-23 00:00:00+00:00,-0.2017216477998352,0.2017216477998352,7,18,0.02200000000000002,Unknown,False,7.86,Mid,62,Major,Low,Right,Right
74471,2014-03-13 12:15:00+00:00,-0.2017216477998352,0.2017216477998352,7,18,0.29300000000000004,Unknown,False,7.86,Mid,40,Major,Low,Right,Right
74477,2003-05-14 10:47:00+00:00,-0.054798045845445995,0.054798045845445995,9,22,0.25799999999999995,Unknown,False,18.29,Senior,55,Major,Low,Right,Right
74477,2005-09-30 10:00:00+00:00,-0.054798045845445995,0.054798045845445995,9,22,0.34199999999999997,Unknown,False,18.29,Senior,62,Major,Low,Right,Right
74480,2003-06-02 00:00:00+00:00,1.3530805078785743e-05,1.3530805078785743e-05,17,38,0.11499999999999999,Unknown,False,0.27,Junior,48,Major,Low,Right,Right
74484,2005-09-27 15:43:00+00:00,-0.022500189919163895,0.022500189919163895,12,11,0.9590000000000001,Unknown,False,2.12,Junior,28,Medium,Low,Right,Left
74489,2003-12-17 18:25:00+00:00,-0.014640417106536567,0.014640417106536567,85,71,0.81,Unknown,False,1.1949999999999998,Junior,36,Major,Low,Center,Left
74489,2004-12-23 11:48:00+00:00,-0.014640417106536567,0.014640417106536567,85,71,1.053,Unknown,False,1.1949999999999998,Junior,45,Major,Low,Left,Right
74489,2005-08-24 14:01:00+00:00,-0.014640417106536567,0.014640417106536567,85,71,0.281,Unknown,False,1.1949999999999998,Junior,56,Major,Low,Right,Center
74493,2005-02-14 22:13:00+00:00,-0.048987358259418586,0.048987358259418586,27,23,0.14100000000000001,Unknown,False,1.62,Junior,20,Medium,Low,Left,Left
74517,2003-04-07 10:17:00+00:00,0.055613144531046724,0.055613144531046724,5,16,0.33,Unknown,False,8.3,Mid,39,Major,Low,Right,Right
74517,2003-06-02 00:00:00+00:00,0.055613144531046724,0.055613144531046724,5,16,0.11499999999999999,Unknown,False,8.3,Mid,48,Major,Low,Right,Right
74537,2007-04-23 00:00:00+00:00,-0.041694212929885635,0.041694212929885635,89,74,0.02200000000000002,Unknown,False,12.19,Senior,62,Major,Low,Right,Right
74537,2018-04-13 14:30:00+00:00,-0.041694212929885635,0.041694212929885635,89,74,0.008000000000000007,Unknown,False,12.19,Senior,48,Major,Low,Right,Right
74537,2018-12-11 10:29:00+00:00,-0.041694212929885635,0.041694212929885635,89,74,0.09700000000000009,Unknown,False,12.19,Senior,20,Medium,Low,Right,Right
74542,2003-10-03 15:07:00+00:00,-0.08474581738507084,0.08474581738507084,11,14,0.25799999999999995,Unknown,False,23.4,Senior,70,Major,Low,Right,Right
74542,2007-04-23 00:00:00+00:00,-0.08474581738507084,0.08474581738507084,11,14,0.02200000000000002,Unknown,False,23.4,Senior,62,Major,Low,Right,Right
74550,2005-09-28 10:57:00+00:00,-0.02857037353587867,0.02857037353587867,29,11,0.25200000000000006,Unknown,False,10.43,Senior,53,Major,Low,Right,Right
74552,2007-04-23 00:00:00+00:00,-0.08388819621744428,0.08388819621744428,16,14,0.02200000000000002,Unknown,False,15.86,Senior,62,Major,Low,Right,Right
74553,2007-04-23 00:00:00+00:00,-0.07545323380112018,0.07545323380112018,59,82,0.02200000000000002,Unknown,False,15.82,Senior,62,Major,Low,Right,Right
74554,2007-03-05 00:00:00+00:00,-0.04882434994635555,0.04882434994635555,22,35,0.292,Unknown,False,23.34,Senior,39,Major,Low,Right,Right
74554,2019-05-22 17:05:00+00:00,-0.04882434994635555,0.04882434994635555,22,35,0.009000000000000008,Unknown,False,23.34,Senior,26,Medium,Low,Right,Right
74554,2022-04-07 15:33:00+00:00,-0.04882434994635555,0.04882434994635555,22,35,,Unknown,False,23.34,Senior,0,Minor,Low,Right,
74558,2013-09-30 16:30:00+00:00,-0.08217140107364126,0.08217140107364126,42,62,0.557,Unknown,False,14.44,Senior,12,Medium,Low,Left,Center
74558,2016-03-15 10:19:00+00:00,-0.08217140107364126,0.08217140107364126,42,62,,Unknown,False,14.44,Senior,0,Minor,Low,Center,
74558,2018-04-05 10:31:00+00:00,-0.08217140107364126,0.08217140107364126,42,62,,Unknown,False,14.44,Senior,0,Minor,Low,,
74574,2007-04-23 00:00:00+00:00,0.03507151076153434,0.03507151076153434,5,14,0.02200000000000002,Unknown,False,12.12,Senior,62,Major,Low,Right,Right
74574,2011-10-26 12:01:00+00:00,0.03507151076153434,0.03507151076153434,5,14,0.267,Unknown,False,12.12,Senior,38,Major,Low,Right,Right
74577,2003-09-11 17:58:00+00:00,-0.14468752940243812,0.14468752940243812,38,30,1.1720000000000002,Unknown,False,5.0649999999999995,Mid,7,Minor,Low,Left,Right
74577,2005-01-31 18:40:00+00:00,-0.14468752940243812,0.14468752940243812,38,30,0.39,Unknown,False,5.0649999999999995,Mid,91,Major,Low,Right,Center
74585,2003-02-01 15:04:00+00:00,-0.03773217518328628,0.03773217518328628,45,250,0.37800000000000006,Unknown,False,7.29,Mid,42,Major,Low,Right,Right
74585,2007-01-25 00:00:00+00:00,-0.03773217518328628,0.03773217518328628,45,250,0.0030000000000000027,Unknown,False,7.29,Mid,39,Major,Low,Right,Right
74585,2016-03-17 12:21:00+00:00,-0.03773217518328628,0.03773217518328628,45,250,0.0,Unknown,False,7.29,Mid,19,Medium,Low,Right,Right
74585,2018-03-20 17:03:00+00:00,-0.03773217518328628,0.03773217518328628,45,250,0.0,Unknown,False,7.29,Mid,33,Major,Low,Right,Right
74585,2019-05-22 17:05:00+00:00,-0.03773217518328628,0.03773217518328628,45,250,0.009000000000000008,Unknown,False,7.29,Mid,26,Medium,Low,Right,Right
74665,2003-02-01 14:16:00+00:00,-0.003924181171099279,0.003924181171099279,6,12,0.295,Unknown,False,11.44,Senior,42,Major,Low,Right,Right
74665,2007-01-25 00:00:00+00:00,-0.003924181171099279,0.003924181171099279,6,12,0.0030000000000000027,Unknown,False,11.44,Senior,39,Major,Low,Right,Right
74665,2013-10-31 11:21:00+00:00,-0.003924181171099279,0.003924181171099279,6,12,0.05199999999999999,Unknown,False,11.44,Senior,48,Major,Low,Right,Right
74665,2018-04-06 15:42:00+00:00,-0.003924181171099279,0.003924181171099279,6,12,0.353,Unknown,False,11.44,Senior,10,Medium,Low,Right,Center
74675,2003-08-25 10:20:00+00:00,-0.0791300116589694,0.0791300116589694,37,36,0.782,Unknown,False,4.32,Junior,83,Major,Low,Left,Center
74680,2003-08-07 09:21:00+00:00,0.0029495045837375222,0.0029495045837375222,169,157,0.6100000000000001,Unknown,False,5.62,Mid,48,Major,Low,Center,Right
74680,2005-02-02 15:56:00+00:00,0.0029495045837375222,0.0029495045837375222,169,157,0.638,Unknown,False,5.62,Mid,91,Major,Low,Right,Center
74680,2005-10-05 10:46:00+00:00,0.0029495045837375222,0.0029495045837375222,169,157,0.42500000000000004,Unknown,False,5.62,Mid,6,Minor,Low,Center,Right
74683,2003-05-22 18:11:00+00:00,-0.04301131577089262,0.04301131577089262,11,37,,Unknown,False,4.16,Junior,0,Minor,Low,Right,
74683,2003-06-03 11:05:00+00:00,-0.04301131577089262,0.04301131577089262,11,37,,Unknown,False,4.16,Junior,67,Major,Low,,Center
74742,2007-04-23 00:00:00+00:00,-0.011878853114693763,0.011878853114693763,14,21,0.02200000000000002,Unknown,False,19.82,Senior,62,Major,Low,Right,Right
74753,2003-07-14 19:56:00+00:00,-0.02082573117068661,0.02082573117068661,15,5,,Unknown,False,14.08,Senior,0,Minor,Low,Center,
74753,2003-08-07 17:36:00+00:00,-0.02082573117068661,0.02082573117068661,15,5,,Unknown,False,14.08,Senior,55,Major,Low,,Right
74753,2005-07-07 10:55:00+00:00,-0.02082573117068661,0.02082573117068661,15,5,,Unknown,False,14.08,Senior,0,Minor,Low,Right,
74753,2005-09-22 17:29:00+00:00,-0.02082573117068661,0.02082573117068661,15,5,,Unknown,False,14.08,Senior,49,Major,Low,,Right
74763,2005-09-22 11:01:00+00:00,-0.08556122260979174,0.08556122260979174,18,17,,Unknown,False,14.23,Senior,0,Minor,Low,Left,
74763,2005-09-27 11:57:00+00:00,-0.08556122260979174,0.08556122260979174,18,17,,Unknown,False,14.23,Senior,20,Medium,Low,,Left
74771,2003-07-03 17:03:00+00:00,-0.041261860222861366,0.041261860222861366,38,36,,Unknown,False,8.245000000000001,Mid,0,Minor,Low,Center,
74771,2003-08-05 21:14:00+00:00,-0.041261860222861366,0.041261860222861366,38,36,,Unknown,False,8.245000000000001,Mid,48,Major,Low,,Right
74776,2003-06-02 00:00:00+00:00,2.4679807752068952e-05,2.4679807752068952e-05,8,33,0.11499999999999999,Unknown,False,12.19,Senior,48,Major,Low,Right,Right
74777,2009-10-27 00:00:00+00:00,-0.03681588786421121,0.03681588786421121,44,35,0.02499999999999998,Unknown,False,22.345,Senior,61,Major,Low,Center,Center
74784,2016-03-15 17:48:00+00:00,0.02025615341813625,0.02025615341813625,7,23,0.53,Unknown,False,16.59,Senior,2,Minor,Low,Left,Left
74800,2004-07-09 14:40:00+00:00,-0.011658874195148536,0.011658874195148536,6,12,0.81,Unknown,False,5.63,Mid,21,Medium,Low,Center,Left
74800,2004-12-07 14:58:00+00:00,-0.011658874195148536,0.011658874195148536,6,12,1.42,Unknown,False,5.63,Mid,51,Major,Low,Left,Right
74800,2005-02-14 10:06:00+00:00,-0.011658874195148536,0.011658874195148536,6,12,0.638,Unknown,False,5.63,Mid,91,Major,Low,Right,Center
74800,2005-02-14 15:47:00+00:00,-0.011658874195148536,0.011658874195148536,6,12,0.638,Unknown,False,5.63,Mid,53,Major,Low,Center,Right
74813,2007-04-23 00:00:00+00:00,-0.1336339297827865,0.1336339297827865,31,152,0.02200000000000002,Unknown,False,16.07,Senior,62,Major,Low,Right,Right
74830,2003-08-05 21:14:00+00:00,0.04919009903707777,0.04919009903707777,7,15,0.6100000000000001,Unknown,False,8.34,Mid,48,Major,Low,Center,Right
74830,2005-02-02 16:02:00+00:00,0.04919009903707777,0.04919009903707777,7,15,0.638,Unknown,False,8.34,Mid,91,Major,Low,Right,Center
74833,2007-04-23 00:00:00+00:00,-0.2032815540877389,0.2032815540877389,66,41,0.02200000000000002,Unknown,False,34.56,Senior,62,Major,Low,Right,Right
74833,2011-10-26 12:05:00+00:00,-0.2032815540877389,0.2032815540877389,66,41,0.267,Unknown,False,34.56,Senior,38,Major,Low,Right,Right
74833,2016-03-22 11:19:00+00:00,-0.2032815540877389,0.2032815540877389,66,41,0.16800000000000004,Unknown,False,34.56,Senior,14,Medium,Low,Right,Right
74833,2018-03-26 21:34:00+00:00,-0.2032815540877389,0.2032815540877389,66,41,0.16800000000000004,Unknown,False,34.56,Senior,39,Major,Low,Right,Right
74838,2003-08-25 10:20:00+00:00,-0.12017417814496456,0.12017417814496456,17,12,0.782,Unknown,False,8.335,Mid,83,Major,Low,Left,Center
74844,2003-06-02 00:00:00+00:00,1.584762018481294e-05,1.584762018481294e-05,22,32,0.11499999999999999,Unknown,False,16.175,Senior,48,Major,Low,Right,Right
74847,2005-01-27 11:23:00+00:00,-0.013906114040319356,0.013906114040319356,62,97,0.25799999999999995,Unknown,False,24.12,Senior,62,Major,Low,Right,Right
74847,2005-04-28 00:00:00+00:00,-0.013906114040319356,0.013906114040319356,62,97,0.07200000000000006,Unknown,False,24.12,Senior,53,Major,Low,Right,Right
74847,2016-03-09 12:23:00+00:00,-0.013906114040319356,0.013906114040319356,62,97,0.133,Unknown,False,24.12,Senior,14,Medium,Low,Right,Right
74847,2018-03-27 19:57:00+00:00,-0.013906114040319356,0.013906114040319356,62,97,0.259,Unknown,False,24.12,Senior,11,Medium,Low,Right,Right
74856,2015-10-27 18:01:00+00:00,-0.05812812008616713,0.05812812008616713,90,101,0.09700000000000003,Unknown,False,22.57,Senior,69,Major,Low,Right,Center
74856,2018-03-03 15:59:00+00:00,-0.05812812008616713,0.05812812008616713,90,101,,Unknown,False,22.57,Senior,0,Minor,Low,Center,
74856,2018-03-09 17:02:00+00:00,-0.05812812008616713,0.05812812008616713,90,101,,Unknown,False,22.57,Senior,41,Major,Low,,Right
74856,2022-02-23 00:00:00+00:00,-0.05812812008616713,0.05812812008616713,90,101,,Unknown,False,22.57,Senior,0,Minor,Low,Right,
74862,2004-04-13 17:17:00+00:00,-0.07743662200488265,0.07743662200488265,218,238,0.09099999999999997,Unknown,False,42.19,Senior,22,Medium,Low,Left,Left
74862,2005-02-14 23:59:00+00:00,-0.07743662200488265,0.07743662200488265,218,238,0.394,Unknown,False,42.19,Senior,93,Major,Low,Left,Left
74862,2005-09-28 20:00:00+00:00,-0.07743662200488265,0.07743662200488265,218,238,0.44000000000000006,Unknown,False,42.19,Senior,20,Medium,Low,Left,Left
74862,2013-10-08 19:52:00+00:00,-0.07743662200488265,0.07743662200488265,218,238,0.373,Unknown,False,42.19,Senior,12,Medium,Low,Left,Center
74862,2015-09-23 17:32:00+00:00,-0.07743662200488265,0.07743662200488265,218,238,0.5750000000000001,Unknown,False,42.19,Senior,5,Minor,Low,Center,Left
76874,2021-06-29 18:01:00+00:00,0.001699936351094819,0.001699936351094819,57,64,0.47000000000000003,Unknown,False,2.18,Junior,32,Major,Low,Left,Left
77701,2003-04-25 11:13:00+00:00,-0.016005353090925115,0.016005353090925115,24,20,,Unknown,False,27.810000000000002,Senior,55,Major,Low,,Right
77701,2007-05-02 19:13:00+00:00,-0.016005353090925115,0.016005353090925115,24,20,0.259,Unknown,False,27.810000000000002,Senior,84,Major,Low,Right,Center
92346,2018-03-27 19:59:00+00:00,-0.07039521888914692,0.07039521888914692,24,28,0.259,Unknown,False,2.61,Junior,11,Medium,Low,Right,Right
92346,2022-02-23 00:00:00+00:00,-0.07039521888914692,0.07039521888914692,24,28,,Unknown,False,2.61,Junior,0,Minor,Low,Right,
92346,2022-03-22 14:59:00+00:00,-0.07039521888914692,0.07039521888914692,24,28,,Unknown,False,2.61,Junior,58,Major,Low,,Right
92776,2013-10-09 09:46:00+00:00,0.04704986308878817,0.04704986308878817,49,49,1.078,Unknown,False,4.26,Junior,30,Major,Low,Right,Left
92776,2016-03-17 17:10:00+00:00,0.04704986308878817,0.04704986308878817,49,49,0.8009999999999999,Unknown,False,4.26,Junior,36,Major,Low,Left,Right
97707,2018-03-08 18:27:00+00:00,0.02277906308563149,0.02277906308563149,21,17,1.094,Unknown,False,38.4,Senior,41,Major,Low,Left,Right
98057,2019-08-16 16:25:00+00:00,-0.014441910600686912,0.014441910600686912,37,26,0.0,Unknown,False,0.16,Junior,25,Medium,Low,Right,Right
